Survey,StationCode,Latitude,Longitude,Region
DJFMP,MS001N,38.05604444,-121.7855639,LowerSacRiver
FMWT,705,38.07925,-121.7618,LowerSacRiver
EDSM,19-27-RV03,38.08124,-121.72995,LowerSacRiver
EDSM,19-30-RV03,38.08125,-121.73127,LowerSacRiver
EDSM,19-13-RV04,38.08146,-121.73141,LowerSacRiver
EDSM,20-11-RV03,38.08164,-121.73202,LowerSacRiver
EDSM,19-10-RV01,38.08197,-121.73166,LowerSacRiver
EDSM,19-13-RV05,38.08215,-121.72227,LowerSacRiver
EDSM,RV53,38.0822,-121.72431,LowerSacRiver
EDSM,20-03-RV01,38.08229,-121.72562,LowerSacRiver
EDSM,20-02-RV03,38.08323,-121.71952,LowerSacRiver
EDSM,19-16-RV02,38.08326,-121.7118,LowerSacRiver
EDSM,20-05-RV04,38.08371,-121.73616,LowerSacRiver
EDSM,18-34-RV01,38.08419,-121.73732,LowerSacRiver
EDSM,19-17-RV02,38.08461,-121.71262,LowerSacRiver
EDSM,18-03-RV01,38.08569,-121.71131,LowerSacRiver
EDSM,19-24-RV02,38.08589,-121.70932,LowerSacRiver
EDSM,20-16-RV03,38.08741,-121.74022,LowerSacRiver
EDSM,20-15-RV02,38.08744,-121.73489,LowerSacRiver
EDSM,20-14-RV03,38.08832,-121.73443,LowerSacRiver
EDSM,19-12-RV02,38.08838,-121.68613,LowerSacRiver
EDSM,19-03-RV02,38.08841,-121.74128,LowerSacRiver
EDSM,17-49-RV02,38.08871,-121.68595,LowerSacRiver
EDSM,20-12-RV03,38.08966,-121.70905,LowerSacRiver
EDSM,19-09-RV04,38.08989,-121.68556,LowerSacRiver
Townet,706,38.09006,-121.739,LowerSacRiver
EDSM,19-04-RV03,38.09018,-121.7406,LowerSacRiver
EDSM,20-13-RV01,38.09023,-121.68494,LowerSacRiver
FMWT,706,38.0903,-121.74,LowerSacRiver
EDSM,RV3,38.09038195,-121.7366907,LowerSacRiver
EDSM,17-50-RV01,38.0906,-121.70671,LowerSacRiver
EDSM,20-07-RV02,38.09096,-121.73636,LowerSacRiver
EDSM,20-04-RV02,38.09123,-121.72907,LowerSacRiver
EDSM,20-18-RV02,38.09131,-121.68537,LowerSacRiver
EDSM,18-29-RV02,38.09143,-121.74145,LowerSacRiver
EDSM,18-35-RV02,38.09174,-121.68489,LowerSacRiver
EDSM,19-31-RV01,38.09258,-121.73958,LowerSacRiver
EDSM,19-26-RV02,38.09282,-121.72612,LowerSacRiver
EDSM,19-17-RV03,38.09299,-121.73442,LowerSacRiver
EDSM,19-28-RV02,38.093,-121.73687,LowerSacRiver
EDSM,19-11-RV05,38.09302,-121.70968,LowerSacRiver
EDSM,RV102,38.09326548,-121.7331453,LowerSacRiver
EDSM,19-05-RV02,38.09357,-121.73005,LowerSacRiver
EDSM,20-09-RV03,38.09364,-121.73221,LowerSacRiver
EDSM,18-20-RV02,38.09367,-121.68585,LowerSacRiver
EDSM,19-29-RV03,38.09388,-121.73471,LowerSacRiver
EDSM,18-10-RV01,38.09391,-121.68634,LowerSacRiver
EDSM,20-16-RV02,38.09408,-121.72513,LowerSacRiver
EDSM,18-20-RV01,38.09531,-121.7316,LowerSacRiver
EDSM,20-01-RV02,38.09531,-121.725,LowerSacRiver
EDSM,18-21-RV02,38.09548,-121.73118,LowerSacRiver
EDSM,20-03-RV02,38.09557,-121.73539,LowerSacRiver
EDSM,20-10-RV03,38.09571,-121.70746,LowerSacRiver
EDSM,18-27-RV02,38.0959,-121.73227,LowerSacRiver
EDSM,19-06-RV02,38.09595,-121.73087,LowerSacRiver
EDSM,18-12-RV01,38.09596,-121.68655,LowerSacRiver
EDSM,19-24-RV01,38.09609,-121.73099,LowerSacRiver
EDSM,20-05-RV05,38.09628,-121.72919,LowerSacRiver
EDSM,19-51-RV04,38.09629,-121.72149,LowerSacRiver
EDSM,19-18-RV02,38.09671,-121.72573,LowerSacRiver
EDSM,19-49-RV01,38.09678,-121.73165,LowerSacRiver
EDSM,18-52-RV04,38.09695,-121.71998,LowerSacRiver
EDSM,20-06-RV04,38.09696,-121.73029,LowerSacRiver
EDSM,17-52-RV01,38.09734,-121.71961,LowerSacRiver
EDSM,20-13-RV03,38.09735,-121.72016,LowerSacRiver
EDSM,19-25-RV02,38.09737,-121.72358,LowerSacRiver
EDSM,19-33-RV03,38.09739,-121.72907,LowerSacRiver
EDSM,19-02-RV02,38.09743,-121.72619,LowerSacRiver
EDSM,19-13-RV02,38.09759,-121.72438,LowerSacRiver
EDSM,19-10-RV03,38.09805,-121.70783,LowerSacRiver
EDSM,18-50-RV04,38.09838,-121.71853,LowerSacRiver
EDSM,17-51-RV02,38.09898,-121.72152,LowerSacRiver
EDSM,19-08-RV03,38.09908,-121.72085,LowerSacRiver
EDSM,17-50-RV02,38.09954,-121.7174,LowerSacRiver
EDSM,19-34-RV02,38.09957,-121.72033,LowerSacRiver
EDSM,19-21-RV04,38.09975,-121.72143,LowerSacRiver
EDSM,19-49-RV02,38.10028,-121.70899,LowerSacRiver
EDSM,18-23-RV01,38.10125,-121.72416,LowerSacRiver
EDSM,19-17-RV04,38.10128,-121.70904,LowerSacRiver
EDSM,19-27-RV02,38.10139,-121.72079,LowerSacRiver
EDSM,18-51-RV02,38.10148,-121.72342,LowerSacRiver
EDSM,18-12-RV02,38.10177,-121.71414,LowerSacRiver
EDSM,19-09-RV02,38.1018,-121.72736,LowerSacRiver
EDSM,19-21-RV02,38.10204,-121.68539,LowerSacRiver
EDSM,18-25-RV01,38.10214,-121.72043,LowerSacRiver
EDSM,RV1,38.10220737,-121.7243691,LowerSacRiver
EDSM,19-53-RV04,38.10222,-121.7228,LowerSacRiver
EDSM,RV52,38.10267,-121.70818,LowerSacRiver
EDSM,18-16-RV01,38.10271,-121.70716,LowerSacRiver
EDSM,20-14-RV01,38.10292,-121.72159,LowerSacRiver
EDSM,19-52-RV01,38.10313,-121.68523,LowerSacRiver
EDSM,19-05-RV03,38.10346,-121.72308,LowerSacRiver
EDSM,19-23-RV02,38.10371,-121.71574,LowerSacRiver
EDSM,18-51-RV04,38.10406,-121.70699,LowerSacRiver
EDSM,19-20-RV04,38.105,-121.72219,LowerSacRiver
EDSM,20-06-RV02,38.10507,-121.70922,LowerSacRiver
EDSM,19-33-RV01,38.1052,-121.70411,LowerSacRiver
EDSM,19-08-RV01,38.10525,-121.70418,LowerSacRiver
EDSM,19-10-RV05,38.1057,-121.70068,LowerSacRiver
EDSM,19-22-RV02,38.10645,-121.71185,LowerSacRiver
EDSM,19-28-RV03,38.10647,-121.71992,LowerSacRiver
EDSM,20-18-RV03,38.10655,-121.70255,LowerSacRiver
EDSM,20-09-RV04,38.10734,-121.68364,LowerSacRiver
EDSM,19-35-RV02,38.10735,-121.71641,LowerSacRiver
EDSM,20-05-RV02,38.10738,-121.71488,LowerSacRiver
EDSM,19-16-RV03,38.10746,-121.7153,LowerSacRiver
EDSM,20-08-RV02,38.108,-121.71485,LowerSacRiver
EDSM,19-03-RV01,38.10833,-121.71444,LowerSacRiver
EDSM,19-06-RV03,38.10833,-121.7078,LowerSacRiver
EDSM,20-14-RV04,38.10835,-121.70783,LowerSacRiver
EDSM,18-03-RV02,38.10844,-121.71352,LowerSacRiver
EDSM,18-33-RV01,38.10886,-121.68336,LowerSacRiver
EDSM,19-15-RV02,38.10921,-121.70232,LowerSacRiver
EDSM,19-04-RV02,38.1094,-121.70611,LowerSacRiver
EDSM,19-07-RV02,38.10948,-121.68254,LowerSacRiver
EDSM,17-52-RV02,38.10955,-121.71229,LowerSacRiver
EDSM,19-03-RV04,38.10957,-121.71441,LowerSacRiver
EDSM,20-11-RV05,38.11002,-121.69281,LowerSacRiver
EDSM,19-11-RV03,38.11057,-121.71181,LowerSacRiver
EDSM,19-23-RV03,38.11107,-121.71061,LowerSacRiver
EDSM,19-24-RV04,38.11108,-121.70344,LowerSacRiver
EDSM,19-51-RV02,38.11117,-121.70176,LowerSacRiver
EDSM,RV104,38.11177446,-121.7008339,LowerSacRiver
EDSM,19-35-RV01,38.11199,-121.68334,LowerSacRiver
EDSM,18-50-RV02,38.11226,-121.70205,LowerSacRiver
Townet,707,38.11226,-121.70601,LowerSacRiver
EDSM,20-04-RV04,38.11257,-121.70297,LowerSacRiver
EDSM,19-50-RV03,38.1128,-121.70044,LowerSacRiver
EDSM,18-24-RV01,38.11283,-121.69905,LowerSacRiver
EDSM,18-52-RV02,38.11283,-121.70189,LowerSacRiver
EDSM,18-34-RV02,38.11292,-121.70682,LowerSacRiver
EDSM,20-17-RV02,38.11302,-121.70983,LowerSacRiver
EDSM,19-12-RV01,38.11311,-121.68828,LowerSacRiver
EDSM,19-32-RV02,38.11315,-121.68812,LowerSacRiver
EDSM,18-32-RV01,38.11354,-121.68998,LowerSacRiver
EDSM,20-16-RV01,38.11393,-121.69778,LowerSacRiver
FMWT,707,38.11397,-121.70797,LowerSacRiver
EDSM,20-14-RV05,38.11414,-121.70851,LowerSacRiver
EDSM,18-14-RV02,38.11449,-121.70268,LowerSacRiver
EDSM,18-30-RV01,38.11476,-121.68211,LowerSacRiver
EDSM,19-01-RV05,38.11514,-121.68593,LowerSacRiver
EDSM,18-52-RV03,38.11532,-121.68282,LowerSacRiver
EDSM,19-13-RV03,38.11534,-121.68691,LowerSacRiver
EDSM,19-50-RV02,38.11571,-121.69814,LowerSacRiver
EDSM,18-22-RV02,38.11664,-121.7052,LowerSacRiver
EDSM,18-19-RV01,38.11668,-121.69851,LowerSacRiver
EDSM,20-15-RV03,38.11734,-121.70428,LowerSacRiver
EDSM,18-49-RV02,38.11755,-121.70703,LowerSacRiver
EDSM,19-51-RV03,38.11767,-121.70626,LowerSacRiver
EDSM,19-11-RV04,38.11904,-121.69411,LowerSacRiver
EDSM,18-28-RV02,38.11949,-121.7024,LowerSacRiver
EDSM,19-14-RV02,38.12024,-121.70395,LowerSacRiver
EDSM,19-10-RV02,38.12047,-121.70171,LowerSacRiver
EDSM,19-24-RV03,38.12084,-121.6943,LowerSacRiver
EDSM,20-17-RV01,38.12099,-121.69857,LowerSacRiver
EDSM,18-31-RV01,38.1212,-121.7025,LowerSacRiver
EDSM,19-29-RV02,38.12221,-121.69968,LowerSacRiver
EDSM,19-21-RV03,38.12252,-121.69751,LowerSacRiver
EDSM,19-10-RV04,38.12279,-121.69535,LowerSacRiver
EDSM,20-04-RV03,38.12449,-121.69159,LowerSacRiver
EDSM,18-49-RV01,38.12476,-121.69338,LowerSacRiver
EDSM,19-24-RV05,38.12524,-121.69922,LowerSacRiver
EDSM,19-03-RV03,38.1257,-121.69057,LowerSacRiver
EDSM,20-03-RV03,38.12584,-121.69851,LowerSacRiver
FMWT,708,38.12608,-121.6967,LowerSacRiver
EDSM,18-33-RV02,38.12791,-121.69521,LowerSacRiver
EDSM,RV103,38.12801788,-121.6917515,LowerSacRiver
EDSM,18-03-SRR01,38.12899,-121.5815,LowerSacRiver
EDSM,RV51,38.12938,-121.69167,LowerSacRiver
EDSM,17-53-SRR01,38.12984,-121.58303,LowerSacRiver
EDSM,18-14-SRR01,38.13015,-121.57893,LowerSacRiver
EDSM,19-34-RV03,38.13033,-121.69718,LowerSacRiver
EDSM,20-17-RV03,38.13042,-121.69135,LowerSacRiver
EDSM,19-20-RV02,38.13112,-121.69111,LowerSacRiver
EDSM,19-07-RV03,38.13123,-121.69102,LowerSacRiver
EDSM,19-30-RV02,38.13126,-121.69088,LowerSacRiver
EDSM,20-18-RV01,38.13131,-121.68917,LowerSacRiver
EDSM,19-31-RV02,38.13162,-121.69335,LowerSacRiver
EDSM,19-08-RV02,38.13195,-121.69314,LowerSacRiver
EDSM,18-49-RV03,38.13205,-121.69482000000001,LowerSacRiver
EDSM,19-01-RV02,38.13213,-121.69731,LowerSacRiver
EDSM,20-10-RV02,38.13223,-121.6923,LowerSacRiver
DJFMP,SR012E,38.13272407,-121.6865463,LowerSacRiver
EDSM,18-30-RV02,38.13343,-121.69238,LowerSacRiver
EDSM,19-13-RV01,38.13348,-121.69225,LowerSacRiver
EDSM,19-06-RV04,38.13368,-121.69142,LowerSacRiver
EDSM,19-27-RV01,38.13399,-121.69154,LowerSacRiver
EDSM,SRR51,38.13433,-121.59285,LowerSacRiver
EDSM,20-09-RV05,38.13555,-121.69464,LowerSacRiver
EDSM,19-51-RV01,38.13625,-121.68974,LowerSacRiver
EDSM,19-52-RV02,38.13633,-121.69082,LowerSacRiver
EDSM,18-29-RV01,38.13644,-121.69465,LowerSacRiver
EDSM,20-11-RV04,38.13774,-121.69388,LowerSacRiver
EDSM,18-19-RV02,38.13791,-121.68807,LowerSacRiver
EDSM,20-07-RV01,38.13877,-121.69308,LowerSacRiver
EDSM,19-15-RV03,38.13905,-121.68707,LowerSacRiver
EDSM,18-09-RV01,38.13923,-121.69264,LowerSacRiver
EDSM,19-09-RV03,38.13927,-121.6917,LowerSacRiver
DJFMP,SR012W,38.1392889,-121.6949056,LowerSacRiver
EDSM,18-27-RV01,38.14011,-121.68958,LowerSacRiver
EDSM,18-17-RV01,38.14054,-121.69418,LowerSacRiver
EDSM,20-01-RV03,38.14146,-121.6893,LowerSacRiver
EDSM,RV101,38.1419732,-121.6874961,LowerSacRiver
EDSM,19-49-RV03,38.14229,-121.69232,LowerSacRiver
EDSM,20-12-RV02,38.14242,-121.6876,LowerSacRiver
EDSM,19-26-RV03,38.14355,-121.69295,LowerSacRiver
EDSM,18-24-RV02,38.14369,-121.68613,LowerSacRiver
EDSM,19-17-RV05,38.14503,-121.6899,LowerSacRiver
EDSM,20-02-RV02,38.14544,-121.69159,LowerSacRiver
EDSM,20-08-RV03,38.14575,-121.6853,LowerSacRiver
EDSM,SRR101,38.14665203,-121.6004648,LowerSacRiver
EDSM,19-21-RV05,38.1478,-121.69121,LowerSacRiver
FMWT,709,38.14787,-121.69048,LowerSacRiver
EDSM,19-11-RV02,38.1484,-121.68652,LowerSacRiver
EDSM,19-33-RV02,38.14842,-121.68374,LowerSacRiver
EDSM,19-18-RV01,38.15029,-121.68749,LowerSacRiver
EDSM,RV2,38.1505961,-121.6837341,LowerSacRiver
EDSM,19-26-RV01,38.15074,-121.68461,LowerSacRiver
EDSM,20-14-RV02,38.15192,-121.6884,LowerSacRiver
EDSM,18-21-RV01,38.15232,-121.68893,LowerSacRiver
EDSM,20-13-RV02,38.15329,-121.68897,LowerSacRiver
EDSM,18-14-RV01,38.15362,-121.68577,LowerSacRiver
EDSM,18-28-RV01,38.15366,-121.68975,LowerSacRiver
EDSM,20-11-RV02,38.15401,-121.68557,LowerSacRiver
EDSM,20-02-RV04,38.15431,-121.68707,LowerSacRiver
EDSM,20-09-RV02,38.15524,-121.68913,LowerSacRiver
EDSM,18-50-RV01,38.15525,-121.68511,LowerSacRiver
EDSM,19-30-RV04,38.1567,-121.6876,LowerSacRiver
EDSM,19-29-RV01,38.15718,-121.68024,LowerSacRiver
EDSM,18-51-RV05,38.15732,-121.68244,LowerSacRiver
EDSM,19-50-RV01,38.15751,-121.68242,LowerSacRiver
EDSM,18-07-RV01,38.15851,-121.68283,LowerSacRiver
EDSM,20-08-RV01,38.15895,-121.68653,LowerSacRiver
EDSM,19-11-RV01,38.15901,-121.67872,LowerSacRiver
EDSM,19-23-RV01,38.15907,-121.68238,LowerSacRiver
EDSM,19-07-RV01,38.15909,-121.68508,LowerSacRiver
EDSM,20-12-RV01,38.15944,-121.68508,LowerSacRiver
EDSM,20-15-RV01,38.15949,-121.68033,LowerSacRiver
EDSM,20-06-RV01,38.15972,-121.68033,LowerSacRiver
EDSM,19-20-RV03,38.1598,-121.68013,LowerSacRiver
EDSM,19-17-RV01,38.16001,-121.68158,LowerSacRiver
EDSM,19-25-RV01,38.16016,-121.68194,LowerSacRiver
EDSM,18-52-RV01,38.1603,-121.67883,LowerSacRiver
EDSM,19-06-RV01,38.16031,-121.67959,LowerSacRiver
EDSM,20-02-RV01,38.16064,-121.68067,LowerSacRiver
EDSM,19-22-RV01,38.16066,-121.67844,LowerSacRiver
EDSM,18-22-RV01,38.1617,-121.67791,LowerSacRiver
FMWT,710,38.162,-121.68228,LowerSacRiver
EDSM,19-05-RV04,38.16213,-121.67885,LowerSacRiver
EDSM,19-14-RV01,38.16224,-121.68,LowerSacRiver
EDSM,19-19-RV01,38.16254,-121.68314,LowerSacRiver
EDSM,18-35-RV01,38.16272,-121.67775,LowerSacRiver
DJFMP,SR017E,38.16272799,-121.6115749,LowerSacRiver
EDSM,20-10-RV01,38.16277,-121.68158,LowerSacRiver
EDSM,18-04-RV01,38.16359,-121.67725,LowerSacRiver
EDSM,18-05-RV01,38.16367,-121.67891,LowerSacRiver
EDSM,19-15-RV01,38.16379,-121.67615,LowerSacRiver
EDSM,19-21-RV01,38.16384,-121.68255,LowerSacRiver
EDSM,19-32-RV01,38.16423,-121.67515,LowerSacRiver
EDSM,19-01-RV01,38.16442,-121.67626,LowerSacRiver
EDSM,18-05-SRR01,38.1645,-121.60542,LowerSacRiver
EDSM,18-15-SRR01,38.16452,-121.62011,LowerSacRiver
EDSM,20-05-RV01,38.16459,-121.67898,LowerSacRiver
EDSM,19-09-RV01,38.16495,-121.67545,LowerSacRiver
EDSM,18-26-RV01,38.16598,-121.67737,LowerSacRiver
EDSM,19-34-RV01,38.16599,-121.68076,LowerSacRiver
EDSM,20-04-RV01,38.16625,-121.67855,LowerSacRiver
EDSM,19-28-RV01,38.16664,-121.67442,LowerSacRiver
EDSM,18-51-RV01,38.16705,-121.67694,LowerSacRiver
EDSM,20-01-RV01,38.16706,-121.67445,LowerSacRiver
EDSM,18-10-SRR01,38.16716,-121.62857,LowerSacRiver
EDSM,19-20-RV01,38.16834,-121.6752,LowerSacRiver
EDSM,19-04-RV01,38.16874,-121.67653,LowerSacRiver
EDSM,20-11-RV01,38.16877,-121.6746,LowerSacRiver
EDSM,19-34-RV04,38.16968,-121.67435,LowerSacRiver
FMWT,717,38.17017,-121.63138,LowerSacRiver
EDSM,17-50-SRR01,38.17072,-121.58069,LowerSacRiver
EDSM,18-20-SRR01,38.17227,-121.64807,LowerSacRiver
EDSM,18-08-SRR01,38.17232,-121.63599,LowerSacRiver
EDSM,19-02-RV01,38.1728,-121.67208,LowerSacRiver
Townet,711,38.17336,-121.669,LowerSacRiver
EDSM,19-05-RV01,38.17403,-121.67095,LowerSacRiver
EDSM,18-25-SRR01,38.17497,-121.59193,LowerSacRiver
EDSM,19-07-RV04,38.1752,-121.66858,LowerSacRiver
EDSM,20-09-RV01,38.17532,-121.67079,LowerSacRiver
EDSM,17-49-RV01,38.17578,-121.66966,LowerSacRiver
EDSM,20-06-RV03,38.17578,-121.66953,LowerSacRiver
FMWT,711,38.17595,-121.67028,LowerSacRiver
EDSM,SRR52,38.17651,-121.66134,LowerSacRiver
EDSM,18-04-SRR01,38.17667,-121.661,LowerSacRiver
EDSM,20-15-RV04,38.17668,-121.66601,LowerSacRiver
EDSM,19-01-RV04,38.1767,-121.66793,LowerSacRiver
EDSM,19-30-RV01,38.17672,-121.66731,LowerSacRiver
EDSM,19-16-RV01,38.17674,-121.66763,LowerSacRiver
EDSM,18-26-RV02,38.17676,-121.66383,LowerSacRiver
EDSM,18-51-RV03,38.17677,-121.6633,LowerSacRiver
EDSM,20-05-RV03,38.1768,-121.66782,LowerSacRiver
EDSM,17-51-RV01,38.17719,-121.66644,LowerSacRiver
EDSM,18-18-RV01,38.17846,-121.66767,LowerSacRiver
EDSM,19-16-LSSC01,38.17945,-121.6638,CacheSloughComplex
EDSM,18-34-LSSC01,38.18003,-121.66308,CacheSloughComplex
EDSM,19-11-LSSC01,38.18029,-121.66533,CacheSloughComplex
EDSM,19-26-LSSC01,38.18033,-121.66597,CacheSloughComplex
EDSM,19-20-LSSC01,38.18046,-121.66598,CacheSloughComplex
EDSM,18-11-CS02,38.18076,-121.66323,CacheSloughComplex
EDSM,19-28-LSSC01,38.18133,-121.66574,CacheSloughComplex
EDSM,20-02-LSSC01,38.18151,-121.6647,CacheSloughComplex
EDSM,19-53-LSSC03,38.18158,-121.66368,CacheSloughComplex
EDSM,19-02-LSSC01,38.18212,-121.66515,CacheSloughComplex
EDSM,20-08-LSSC03,38.18216,-121.66522,CacheSloughComplex
EDSM,19-05-LSSC01,38.18228,-121.6646,CacheSloughComplex
EDSM,19-11-LSSC04,38.18245,-121.66346,CacheSloughComplex
EDSM,19-51-LSSC01,38.1825,-121.66376,CacheSloughComplex
EDSM,18-09-SRR01,38.18253,-121.58665,CacheSloughComplex
EDSM,20-16-LSSC03,38.18323,-121.66236,CacheSloughComplex
EDSM,18-18-SRR01,38.18359,-121.56822,CacheSloughComplex
EDSM,19-13-LSSC01,38.18393,-121.66088,CacheSloughComplex
EDSM,19-32-LSSC02,38.184,-121.66163,CacheSloughComplex
EDSM,20-11-LSSC01,38.18444,-121.66323,CacheSloughComplex
EDSM,19-09-LSSC03,38.18478,-121.66048,CacheSloughComplex
EDSM,19-04-LSSC02,38.18509,-121.66117,CacheSloughComplex
EDSM,CS57,38.18512,-121.66061,CacheSloughComplex
EDSM,18-30-LSSC02,38.1852,-121.6626,CacheSloughComplex
EDSM,18-27-LSSC01,38.18526,-121.65986,CacheSloughComplex
EDSM,19-12-LSSC02,38.18527,-121.66134,CacheSloughComplex
EDSM,19-50-LSSC01,38.18555,-121.66045,CacheSloughComplex
EDSM,20-17-LSSC01,38.18604,-121.66193,CacheSloughComplex
EDSM,19-18-LSSC02,38.18626,-121.66217,CacheSloughComplex
DJFMP,SR014W,38.18651797,-121.6626646,CacheSloughComplex
EDSM,18-11-SRR01,38.18656,-121.56128,CacheSloughComplex
EDSM,18-35-LSSC01,38.18738,-121.66006,CacheSloughComplex
EDSM,20-17-LSSC04,38.18746,-121.66023,CacheSloughComplex
EDSM,19-49-LSSC04,38.18754,-121.65905,CacheSloughComplex
EDSM,18-49-LSSC01,38.18788,-121.65988,CacheSloughComplex
EDSM,20-10-LSSC03,38.18851,-121.65957,CacheSloughComplex
EDSM,18-20-SRR02,38.1891,-121.57874,CacheSloughComplex
EDSM,19-05-LSSC04,38.19012,-121.66007,CacheSloughComplex
EDSM,19-03-LSSC02,38.19018,-121.65912,CacheSloughComplex
EDSM,18-29-SRR01,38.19019,-121.57581,CacheSloughComplex
EDSM,18-26-SRR01,38.19038,-121.55595,CacheSloughComplex
FMWT,712,38.19042,-121.64095,CacheSloughComplex
EDSM,19-25-LSSC01,38.19103,-121.65842,CacheSloughComplex
EDSM,19-08-LSSC04,38.192,-121.65716,CacheSloughComplex
EDSM,18-17-SRU01,38.19246,-121.63659,CacheSloughComplex
EDSM,18-06-SRU02,38.19292,-121.62371,CacheSloughComplex
EDSM,20-13-LSSC05,38.19325,-121.65637,CacheSloughComplex
EDSM,18-10-CS02,38.1933,-121.65656,CacheSloughComplex
EDSM,20-02-LSSC03,38.19345,-121.65626,CacheSloughComplex
EDSM,18-19-LSSC01,38.19404,-121.65674,CacheSloughComplex
EDSM,SRU104,38.19460072,-121.6199773,CacheSloughComplex
EDSM,18-22-SRR01,38.19479,-121.56269,CacheSloughComplex
EDSM,18-50-LSSC03,38.19659,-121.65587,CacheSloughComplex
EDSM,18-08-CS01,38.19685,-121.65572,CacheSloughComplex
EDSM,17-51-SRR01,38.19689,-121.54698,CacheSloughComplex
EDSM,18-21-LSSC01,38.19759,-121.65688,CacheSloughComplex
EDSM,18-07-SRU01,38.19939,-121.6125,CacheSloughComplex
EDSM,19-17-LSSC04,38.19939,-121.65758,CacheSloughComplex
EDSM,20-18-LSSC02,38.19972,-121.65738,CacheSloughComplex
EDSM,18-27-LSSC02,38.2003,-121.65844,CacheSloughComplex
EDSM,20-07-LSSC02,38.20079,-121.6564,CacheSloughComplex
EDSM,19-29-LSSC01,38.20158,-121.65792,CacheSloughComplex
EDSM,19-51-LSSC04,38.20425,-121.65651,CacheSloughComplex
EDSM,18-33-LSSC01,38.20451,-121.65864,CacheSloughComplex
EDSM,17-51-CS02,38.20455,-121.6543,CacheSloughComplex
EDSM,18-49-LSSC04,38.20522,-121.65843,CacheSloughComplex
EDSM,18-52-LSSC01,38.20522,-121.65942,CacheSloughComplex
EDSM,18-11-CS01,38.20525,-121.65939,CacheSloughComplex
EDSM,20-14-LSSC01,38.2058,-121.65858,CacheSloughComplex
EDSM,18-31-LSSC02,38.2059,-121.66014,CacheSloughComplex
EDSM,19-08-LSSC01,38.2062,-121.65907,CacheSloughComplex
FMWT,713,38.20712,-121.66008,CacheSloughComplex
Townet,713,38.20712,-121.66008,CacheSloughComplex
EDSM,18-32-LSSC01,38.20743,-121.65923,CacheSloughComplex
EDSM,19-04-LSSC01,38.20822,-121.6573,CacheSloughComplex
EDSM,19-05-LSSC02,38.20871,-121.65764,CacheSloughComplex
EDSM,19-30-LSSC01,38.20877,-121.65951,CacheSloughComplex
EDSM,20-06-LSSC02,38.20896,-121.6628,CacheSloughComplex
EDSM,20-14-LSSC04,38.21014,-121.66415,CacheSloughComplex
EDSM,19-35-LSSC01,38.21142,-121.66637,CacheSloughComplex
EDSM,19-02-LSSC03,38.21161,-121.66635,CacheSloughComplex
EDSM,20-05-LSSC02,38.21182,-121.66515,CacheSloughComplex
EDSM,18-52-LSSC04,38.21198,-121.66454,CacheSloughComplex
EDSM,18-34-LSSC03,38.21238,-121.66493,CacheSloughComplex
EDSM,18-31-SRR01,38.21436,-121.53799,CacheSloughComplex
EDSM,20-11-LSSC03,38.21436,-121.67003,CacheSloughComplex
EDSM,20-03-LSSC01,38.21478,-121.67005,CacheSloughComplex
EDSM,20-12-LSSC02,38.21575,-121.67026,CacheSloughComplex
EDSM,19-14-LSSC04,38.21629,-121.67037,CacheSloughComplex
EDSM,18-21-SRR01,38.21635,-121.54228,CacheSloughComplex
EDSM,19-04-LSSC04,38.21695,-121.66968,CacheSloughComplex
EDSM,19-07-LSSC04,38.21711,-121.67177,CacheSloughComplex
EDSM,19-15-LSSC02,38.21907,-121.67299,CacheSloughComplex
EDSM,20-09-LSSC03,38.21917,-121.6731,CacheSloughComplex
EDSM,20-10-LSSC01,38.21985,-121.67181,CacheSloughComplex
EDSM,18-26-LSSC02,38.22096,-121.6724,CacheSloughComplex
EDSM,CS54,38.22174,-121.67335,CacheSloughComplex
FMWT,715,38.22295,-121.67362,CacheSloughComplex
EDSM,20-04-LSSC04,38.22345,-121.67284,CacheSloughComplex
EDSM,19-27-LSSC01,38.22371,-121.67455,CacheSloughComplex
EDSM,19-32-LSSC01,38.22396,-121.67493,CacheSloughComplex
EDSM,18-11-SRR02,38.22414,-121.53534,CacheSloughComplex
EDSM,18-13-SRR01,38.22492,-121.55621,CacheSloughComplex
EDSM,18-32-LSSC02,38.22503,-121.67319,CacheSloughComplex
EDSM,19-19-LSSC01,38.22551,-121.67464,CacheSloughComplex
EDSM,20-15-LSSC03,38.2256,-121.67332,CacheSloughComplex
EDSM,19-26-LSSC02,38.22615,-121.67367,CacheSloughComplex
EDSM,19-52-LSSC01,38.22638,-121.67385,CacheSloughComplex
EDSM,19-06-LSSC03,38.2293,-121.67354,CacheSloughComplex
EDSM,18-25-SRU01,38.22969,-121.60269,CacheSloughComplex
EDSM,20-04-LSSC01,38.23031,-121.67279,CacheSloughComplex
EDSM,18-51-LSSC03,38.23033,-121.67446,CacheSloughComplex
EDSM,20-14-CS05,38.23125,-121.67637,CacheSloughComplex
EDSM,20-05-CS02,38.23143,-121.67631,CacheSloughComplex
EDSM,18-22-LSSC02,38.23164,-121.67464,CacheSloughComplex
EDSM,19-50-CS02,38.23186,-121.67656,CacheSloughComplex
EDSM,19-08-CS06,38.23207,-121.67565,CacheSloughComplex
EDSM,20-15-CS02,38.23213,-121.67636,CacheSloughComplex
EDSM,19-11-CS05,38.23233,-121.67606,CacheSloughComplex
EDSM,20-17-CS01,38.23269,-121.67538,CacheSloughComplex
EDSM,19-52-LSSC04,38.23316,-121.67454,CacheSloughComplex
EDSM,18-32-CS02,38.23331,-121.67517,CacheSloughComplex
EDSM,SRU52,38.23347,-121.60281,CacheSloughComplex
EDSM,19-18-CS05,38.23366,-121.67818,CacheSloughComplex
EDSM,20-03-LSSC04,38.23395,-121.67405,CacheSloughComplex
EDSM,18-31-SRU01,38.23399,-121.66845000000001,CacheSloughComplex
EDSM,20-09-CS01,38.23414,-121.67811,CacheSloughComplex
EDSM,17-52-CS02,38.23425,-121.67674,CacheSloughComplex
EDSM,19-50-LSSC04,38.2343,-121.67357,CacheSloughComplex
EDSM,18-24-CS01,38.23431,-121.68129,CacheSloughComplex
EDSM,19-25-CS02,38.23443,-121.67667,CacheSloughComplex
EDSM,19-19-CS02,38.23445,-121.68032,CacheSloughComplex
EDSM,20-09-CS05,38.23446,-121.68186,CacheSloughComplex
EDSM,20-13-CS02,38.23455,-121.67973,CacheSloughComplex
EDSM,20-18-CS06,38.2346,-121.68237,CacheSloughComplex
EDSM,19-17-CS09,38.23473,-121.68044,CacheSloughComplex
EDSM,18-29-SRU01,38.23489,-121.66594,CacheSloughComplex
EDSM,19-10-CS04,38.235,-121.67961,CacheSloughComplex
EDSM,CS53,38.23501,-121.67424,CacheSloughComplex
EDSM,19-03-CS01,38.23511,-121.68162,CacheSloughComplex
EDSM,20-04-CS04,38.23521,-121.67767,CacheSloughComplex
EDSM,19-20-LSSC02,38.23556,-121.67407,CacheSloughComplex
EDSM,19-15-CS11,38.23561,-121.68369,CacheSloughComplex
EDSM,18-31-LSSC01,38.23584,-121.6742,CacheSloughComplex
EDSM,19-20-CS01,38.23595,-121.68211,CacheSloughComplex
EDSM,19-30-CS04,38.236,-121.68058,CacheSloughComplex
FMWT,723,38.23615,-121.67348,CacheSloughComplex
Townet,723,38.23615,-121.67348,CacheSloughComplex
EDSM,20-05-CS06,38.23623,-121.68082,CacheSloughComplex
EDSM,20-02-CS01,38.23645,-121.68288,CacheSloughComplex
EDSM,19-13-CS05,38.23682,-121.68398,CacheSloughComplex
EDSM,20-13-LSSC01,38.23693,-121.67362,CacheSloughComplex
EDSM,19-07-CS01,38.23713,-121.68414,CacheSloughComplex
EDSM,18-23-CS04,38.23725,-121.68406,CacheSloughComplex
EDSM,19-17-LSSC01,38.23773,-121.67221,CacheSloughComplex
EDSM,18-53-CS02,38.23775,-121.68327,CacheSloughComplex
FMWT,716,38.23787,-121.68438,CacheSloughComplex
Townet,716,38.23787,-121.68438,CacheSloughComplex
EDSM,19-18-CS01,38.23794,-121.68325,CacheSloughComplex
EDSM,20-14-CS01,38.23812,-121.68305,CacheSloughComplex
EDSM,19-16-LSSC02,38.23843,-121.67269,CacheSloughComplex
EDSM,19-03-CS02,38.23895,-121.68417,CacheSloughComplex
EDSM,19-24-CS03,38.23917,-121.68491,CacheSloughComplex
EDSM,19-06-CS06,38.23932,-121.68454,CacheSloughComplex
EDSM,20-17-CS05,38.23943,-121.68234,CacheSloughComplex
EDSM,19-09-CS06,38.23948,-121.6861,CacheSloughComplex
EDSM,20-15-LSSC01,38.23998,-121.67249,CacheSloughComplex
EDSM,19-02-CS02,38.24003,-121.68459,CacheSloughComplex
EDSM,19-49-CS02,38.24004,-121.68634,CacheSloughComplex
EDSM,19-13-LSSC04,38.2403,-121.67126,CacheSloughComplex
EDSM,19-14-CS01,38.24033,-121.68668,CacheSloughComplex
DJFMP,SR024E,38.24039242,-121.5547949,CacheSloughComplex
EDSM,19-23-CS02,38.24047,-121.68154,CacheSloughComplex
EDSM,18-32-SRU02,38.24054,-121.602,CacheSloughComplex
EDSM,19-11-LSSC02,38.24086,-121.67235,CacheSloughComplex
EDSM,18-14-CS02,38.2409,-121.68523,CacheSloughComplex
EDSM,18-19-LSSC02,38.24093,-121.67231,CacheSloughComplex
EDSM,20-17-CS02,38.241,-121.68194,CacheSloughComplex
EDSM,20-12-CS03,38.24102,-121.68761,CacheSloughComplex
EDSM,19-52-CS06,38.24147,-121.68652,CacheSloughComplex
EDSM,20-13-CS05,38.24154,-121.68313,CacheSloughComplex
EDSM,20-06-CS01,38.24161,-121.68145,CacheSloughComplex
EDSM,20-07-CS08,38.24162,-121.68033,CacheSloughComplex
EDSM,19-11-CS09,38.24166,-121.68151,CacheSloughComplex
EDSM,19-49-CS08,38.24183,-121.6811,CacheSloughComplex
DJFMP,LI001E,38.241974,-121.6822745,CacheSloughComplex
EDSM,18-20-CS02,38.24215,-121.68818,CacheSloughComplex
EDSM,18-19-CS03,38.24221,-121.68493,CacheSloughComplex
EDSM,18-28-CS04,38.24228,-121.68885,CacheSloughComplex
EDSM,18-21-CS02,38.24235,-121.68104,CacheSloughComplex
EDSM,19-11-CS03,38.24249,-121.68688,CacheSloughComplex
EDSM,18-05-CS01,38.24257,-121.69317,CacheSloughComplex
EDSM,20-11-CS04,38.24261,-121.67393,CacheSloughComplex
EDSM,20-05-CS05,38.24285,-121.68484,CacheSloughComplex
EDSM,18-16-SRR01,38.24353,-121.51364,CacheSloughComplex
EDSM,18-26-CS01,38.24373,-121.68209,CacheSloughComplex
EDSM,19-07-LSSC01,38.24377,-121.67187,CacheSloughComplex
EDSM,19-12-CS04,38.24377,-121.68641,CacheSloughComplex
EDSM,19-04-CS05,38.24381,-121.67366,CacheSloughComplex
EDSM,20-18-CS08,38.24381,-121.69484,CacheSloughComplex
EDSM,19-12-CS02,38.24387,-121.67739,CacheSloughComplex
EDSM,18-20-LSSC01,38.24391,-121.67001,CacheSloughComplex
EDSM,18-52-CS02,38.24418,-121.67748,CacheSloughComplex
EDSM,18-15-CS07,38.24436,-121.68878,CacheSloughComplex
DJFMP,LI005W,38.244607,-121.6864208,CacheSloughComplex
EDSM,19-07-CS03,38.24469,-121.69137,CacheSloughComplex
EDSM,18-26-CS02,38.24471,-121.6958,CacheSloughComplex
EDSM,18-35-LSSC02,38.24478,-121.66972,CacheSloughComplex
EDSM,19-28-CS03,38.24487,-121.69594,CacheSloughComplex
EDSM,19-02-CS05,38.24502,-121.67779,CacheSloughComplex
EDSM,19-34-CS02,38.24506,-121.68216,CacheSloughComplex
EDSM,18-51-CS02,38.24565,-121.67796,CacheSloughComplex
EDSM,18-17-CS10,38.24583,-121.68868,CacheSloughComplex
EDSM,19-05-CS08,38.24596,-121.69698,CacheSloughComplex
EDSM,CS3,38.24615926,-121.6587033,CacheSloughComplex
EDSM,CS207,38.24622473,-121.6707101,CacheSloughComplex
EDSM,20-06-LSSC01,38.24628,-121.67017,CacheSloughComplex
DJFMP,LI002E,38.246361,-121.6781385,CacheSloughComplex
EDSM,19-09-CS02,38.24641,-121.70238,CacheSloughComplex
EDSM,19-10-CS03,38.24644,-121.70778,CacheSloughComplex
EDSM,19-53-CS02,38.24648,-121.70158,CacheSloughComplex
EDSM,18-49-CS02,38.24649,-121.68789,CacheSloughComplex
EDSM,19-33-CS03,38.24659,-121.70361,CacheSloughComplex
EDSM,20-11-CS08,38.24659,-121.67732,CacheSloughComplex
EDSM,20-10-CS04,38.24665,-121.67298,CacheSloughComplex
EDSM,19-27-CS04,38.2467,-121.67665,CacheSloughComplex
EDSM,18-24-LSSC01,38.24684,-121.6705,CacheSloughComplex
EDSM,17-49-CS02,38.24686,-121.70999,CacheSloughComplex
EDSM,18-27-CS03,38.24687,-121.70209,CacheSloughComplex
EDSM,18-49-CS06,38.24697,-121.71008,CacheSloughComplex
EDSM,18-52-CS04,38.24711,-121.68692,CacheSloughComplex
EDSM,19-02-CS01,38.24715,-121.67335,CacheSloughComplex
EDSM,18-23-CS03,38.24734,-121.71101,CacheSloughComplex
EDSM,19-50-CS05,38.24739,-121.67606,CacheSloughComplex
EDSM,18-03-CS02,38.24784,-121.69578,CacheSloughComplex
EDSM,19-10-LSSC02,38.24819,-121.66973,CacheSloughComplex
EDSM,19-27-CS02,38.24834,-121.68698,CacheSloughComplex
EDSM,20-06-CS03,38.24835,-121.7109,CacheSloughComplex
EDSM,18-16-CS02,38.24842,-121.67538,CacheSloughComplex
EDSM,17-50-CS02,38.24872,-121.6878,CacheSloughComplex
EDSM,18-52-CS06,38.24892,-121.67509,CacheSloughComplex
EDSM,18-09-CS02,38.24896,-121.71083,CacheSloughComplex
EDSM,20-03-LSSC03,38.24898,-121.66991,CacheSloughComplex
EDSM,18-53-CS04,38.24912,-121.70976,CacheSloughComplex
EDSM,19-51-CS06,38.2492,-121.68798,CacheSloughComplex
EDSM,20-02-CS07,38.24929,-121.68674,CacheSloughComplex
EDSM,19-49-CS04,38.24931,-121.67285,CacheSloughComplex
EDSM,20-14-CS07,38.24951,-121.69548,CacheSloughComplex
EDSM,19-09-CS03,38.24961,-121.71823,CacheSloughComplex
EDSM,20-10-CS06,38.24965,-121.71276,CacheSloughComplex
EDSM,19-06-CS05,38.24968,-121.67194,CacheSloughComplex
EDSM,20-15-CS03,38.24969,-121.7109,CacheSloughComplex
EDSM,19-12-LSSC01,38.24979,-121.66962,CacheSloughComplex
EDSM,19-30-LSSC03,38.2499,-121.66836,CacheSloughComplex
EDSM,18-24-CS02,38.25022,-121.67378,CacheSloughComplex
EDSM,18-29-CS05,38.25028,-121.71808,CacheSloughComplex
EDSM,18-34-CS02,38.25031,-121.67355,CacheSloughComplex
EDSM,18-35-CS02,38.25037,-121.71913,CacheSloughComplex
EDSM,20-16-CS03,38.25037,-121.7122,CacheSloughComplex
EDSM,20-17-CS06,38.25052,-121.68683,CacheSloughComplex
EDSM,CS1,38.25058046,-121.6870849,CacheSloughComplex
EDSM,20-11-CS03,38.2506,-121.71859,CacheSloughComplex
EDSM,20-09-LSSC02,38.2509,-121.66886,CacheSloughComplex
EDSM,19-49-CS07,38.25096,-121.71779,CacheSloughComplex
EDSM,20-11-CS07,38.25096,-121.68827,CacheSloughComplex
EDSM,18-22-CS03,38.25106,-121.68876,CacheSloughComplex
EDSM,19-15-CS07,38.25106,-121.71802,CacheSloughComplex
EDSM,18-51-CS03,38.25118,-121.72186,CacheSloughComplex
EDSM,18-07-CS02,38.25124,-121.66863,CacheSloughComplex
EDSM,19-22-CS03,38.2514,-121.71899,CacheSloughComplex
EDSM,SRU102,38.25142348,-121.5118905,CacheSloughComplex
EDSM,19-31-CS02,38.25157,-121.71996,CacheSloughComplex
EDSM,20-07-CS07,38.25158,-121.72413,CacheSloughComplex
EDSM,19-13-CS06,38.25171,-121.72341,CacheSloughComplex
EDSM,18-29-LSSC01,38.2523,-121.66904,CacheSloughComplex
EDSM,18-02-SRU01,38.25239,-121.51211,CacheSloughComplex
EDSM,20-18-CS02,38.25254,-121.67168,CacheSloughComplex
EDSM,19-02-CS04,38.25263,-121.72577,CacheSloughComplex
EDSM,19-17-CS04,38.25266,-121.68752,CacheSloughComplex
DJFMP,LI004W,38.25268,-121.686264,CacheSloughComplex
EDSM,19-05-CS04,38.25268,-121.68753,CacheSloughComplex
EDSM,19-53-LSSC04,38.25268,-121.66831,CacheSloughComplex
EDSM,18-49-CS05,38.25269,-121.67193,CacheSloughComplex
EDSM,19-52-CS02,38.2527,-121.68694,CacheSloughComplex
EDSM,19-11-CS02,38.2531,-121.67246,CacheSloughComplex
EDSM,19-10-CS07,38.25317,-121.68781,CacheSloughComplex
EDSM,19-06-CS01,38.25333,-121.6876,CacheSloughComplex
EDSM,19-51-CS02,38.25355,-121.72549,CacheSloughComplex
EDSM,20-16-LSSC04,38.25364,-121.66809,CacheSloughComplex
EDSM,20-09-CS08,38.254,-121.68702,CacheSloughComplex
EDSM,19-07-CS02,38.25407,-121.68755,CacheSloughComplex
EDSM,19-14-CS03,38.25463,-121.68694,CacheSloughComplex
EDSM,20-07-CS02,38.25464,-121.68814,CacheSloughComplex
EDSM,19-28-CS04,38.2549,-121.6718,CacheSloughComplex
EDSM,18-30-CS04,38.25491,-121.69422,CacheSloughComplex
DJFMP,LI003E,38.255043,-121.6720725,CacheSloughComplex
EDSM,20-06-CS05,38.25508,-121.67162,CacheSloughComplex
EDSM,18-33-CS03,38.25523,-121.68743,CacheSloughComplex
EDSM,20-08-CS03,38.25527,-121.72505,CacheSloughComplex
EDSM,19-35-CS03,38.25532,-121.68828,CacheSloughComplex
EDSM,18-29-CS04,38.25558,-121.67143,CacheSloughComplex
EDSM,20-13-CS01,38.25567,-121.67113,CacheSloughComplex
EDSM,19-04-CS04,38.2557,-121.73163,CacheSloughComplex
EDSM,17-52-SRU01,38.2559,-121.51559,CacheSloughComplex
EDSM,20-15-CS07,38.256,-121.69053,CacheSloughComplex
EDSM,19-53-CS03,38.25614,-121.73455,CacheSloughComplex
EDSM,19-51-CS04,38.25628,-121.67131,CacheSloughComplex
EDSM,20-10-CS02,38.25637,-121.72564,CacheSloughComplex
EDSM,20-07-CS01,38.25653,-121.73784,CacheSloughComplex
EDSM,19-06-LSSC02,38.25658,-121.66701,CacheSloughComplex
EDSM,20-09-CS07,38.2567,-121.7356,CacheSloughComplex
EDSM,CS101,38.25690969,-121.7338974,CacheSloughComplex
EDSM,19-50-CS04,38.25692,-121.73284,CacheSloughComplex
EDSM,20-18-CS04,38.25693,-121.73011,CacheSloughComplex
EDSM,18-23-LSSC02,38.25698,-121.66748,CacheSloughComplex
EDSM,19-18-CS04,38.25724,-121.72994,CacheSloughComplex
EDSM,19-50-CS08,38.25724,-121.73732,CacheSloughComplex
EDSM,18-25-CS02,38.25727,-121.73001,CacheSloughComplex
EDSM,19-06-CS07,38.25729,-121.6916,CacheSloughComplex
EDSM,19-26-CS02,38.25745,-121.69281,CacheSloughComplex
EDSM,18-27-CS02,38.25766,-121.73756,CacheSloughComplex
EDSM,20-14-CS03,38.25775,-121.69138,CacheSloughComplex
DJFMP,LI003W,38.257888,-121.6902733,CacheSloughComplex
EDSM,20-09-CS03,38.25789,-121.73788,CacheSloughComplex
EDSM,20-04-CS09,38.25803,-121.69162,CacheSloughComplex
EDSM,19-31-CS03,38.2582,-121.73758,CacheSloughComplex
EDSM,20-12-CS02,38.25821,-121.73849,CacheSloughComplex
EDSM,19-20-CS03,38.25828,-121.72809,CacheSloughComplex
EDSM,19-24-CS02,38.2583,-121.7276,CacheSloughComplex
EDSM,19-51-CS01,38.25839,-121.74469,CacheSloughComplex
EDSM,20-03-CS02,38.25842,-121.69418,CacheSloughComplex
EDSM,19-15-CS08,38.25848,-121.67125,CacheSloughComplex
EDSM,19-14-CS07,38.25849,-121.69394,CacheSloughComplex
EDSM,20-15-CS08,38.25849,-121.72764,CacheSloughComplex
EDSM,18-49-CS04,38.25859,-121.69132,CacheSloughComplex
EDSM,19-08-CS04,38.25872,-121.7475,CacheSloughComplex
EDSM,20-01-CS04,38.25873,-121.67155,CacheSloughComplex
EDSM,19-04-CS03,38.25885,-121.74201,CacheSloughComplex
EDSM,18-26-CS03,38.25888,-121.67057,CacheSloughComplex
EDSM,19-18-CS03,38.25888,-121.69292,CacheSloughComplex
EDSM,20-07-CS04,38.25908,-121.67056,CacheSloughComplex
EDSM,19-14-CS05,38.25917,-121.66905,CacheSloughComplex
EDSM,20-16-CS01,38.25931,-121.74209,CacheSloughComplex
EDSM,20-06-CS02,38.25944,-121.74213,CacheSloughComplex
EDSM,19-12-CS07,38.25949,-121.74685,CacheSloughComplex
EDSM,19-49-CS01,38.2595,-121.74789,CacheSloughComplex
EDSM,20-05-CS04,38.25957,-121.75529,CacheSloughComplex
EDSM,18-02-CS02,38.25965,-121.69508,CacheSloughComplex
EDSM,20-06-CS06,38.2597,-121.76269,CacheSloughComplex
EDSM,19-10-CS01,38.25976,-121.76223,CacheSloughComplex
EDSM,19-52-CS05,38.25977,-121.74724,CacheSloughComplex
EDSM,18-49-CS03,38.26003,-121.74722,CacheSloughComplex
EDSM,18-19-CS02,38.26006,-121.75718,CacheSloughComplex
EDSM,18-21-CS01,38.26019,-121.66999,CacheSloughComplex
EDSM,18-22-CS02,38.2602,-121.74716,CacheSloughComplex
EDSM,18-16-CS03,38.26026,-121.74054,CacheSloughComplex
EDSM,20-05-CS01,38.26036,-121.669,CacheSloughComplex
EDSM,19-17-CS03,38.26041,-121.69583,CacheSloughComplex
EDSM,20-04-LSSC03,38.2606,-121.66592,CacheSloughComplex
EDSM,19-27-LSSC02,38.26061,-121.66595,CacheSloughComplex
EDSM,20-08-LSSC04,38.26065,-121.66608,CacheSloughComplex
EDSM,19-10-CS05,38.26075,-121.75018,CacheSloughComplex
EDSM,19-32-CS03,38.26075,-121.75241,CacheSloughComplex
EDSM,18-12-CS02,38.2611,-121.69082,CacheSloughComplex
EDSM,20-08-CS06,38.26111,-121.69473,CacheSloughComplex
EDSM,20-02-CS08,38.26145,-121.69122,CacheSloughComplex
EDSM,19-04-CS01,38.26166,-121.67035,CacheSloughComplex
EDSM,18-03-CS01,38.26193,-121.66586,CacheSloughComplex
EDSM,19-07-CS05,38.26195,-121.66977,CacheSloughComplex
EDSM,18-13-CS02,38.26211,-121.69582,CacheSloughComplex
EDSM,19-21-CS01,38.2622,-121.67064,CacheSloughComplex
EDSM,19-13-LSSC02,38.26242,-121.66542,CacheSloughComplex
EDSM,20-16-CS02,38.26243,-121.69595,CacheSloughComplex
EDSM,20-17-CS07,38.26248,-121.69103,CacheSloughComplex
EDSM,20-10-CS05,38.26255,-121.7789,CacheSloughComplex
EDSM,18-34-CS04,38.26284,-121.69115,CacheSloughComplex
EDSM,19-02-CS03,38.26295,-121.69047,CacheSloughComplex
EDSM,19-10-CS06,38.26296,-121.69674,CacheSloughComplex
EDSM,18-21-CS03,38.26328,-121.69176,CacheSloughComplex
EDSM,19-21-CS04,38.26346,-121.69734,CacheSloughComplex
EDSM,20-14-LSSC03,38.26372,-121.66566,CacheSloughComplex
EDSM,19-06-CS04,38.26397,-121.69759,CacheSloughComplex
EDSM,19-52-CS03,38.26445,-121.69112,CacheSloughComplex
EDSM,19-15-CS02,38.26475,-121.69744,CacheSloughComplex
EDSM,19-49-LSSC06,38.26479,-121.66485,CacheSloughComplex
EDSM,20-12-CS06,38.26496,-121.69869,CacheSloughComplex
EDSM,20-16-CS06,38.26503,-121.69197,CacheSloughComplex
DJFMP,LI004E,38.26514,-121.6715572,CacheSloughComplex
EDSM,20-13-LSSC03,38.26519,-121.66488,CacheSloughComplex
EDSM,20-08-CS02,38.26537,-121.69582,CacheSloughComplex
EDSM,19-29-CS02,38.26565,-121.69631,CacheSloughComplex
EDSM,18-20-CS03,38.26578,-121.69244,CacheSloughComplex
EDSM,19-33-CS02,38.26591,-121.69464,CacheSloughComplex
EDSM,19-05-CS03,38.26658,-121.69223,CacheSloughComplex
EDSM,19-10-CS02,38.26668,-121.69282,CacheSloughComplex
EDSM,19-19-CS03,38.2676,-121.69914,CacheSloughComplex
EDSM,19-03-CS04,38.26771,-121.69331,CacheSloughComplex
FMWT,721,38.26815,-121.70277,CacheSloughComplex
Townet,721,38.26815,-121.70277,CacheSloughComplex
EDSM,18-20-CS04,38.26843,-121.70129,CacheSloughComplex
EDSM,18-01-CS02,38.26877,-121.66833,CacheSloughComplex
EDSM,19-51-CS05,38.26897,-121.69246,CacheSloughComplex
DJFMP,LI002W,38.269292,-121.6913945,CacheSloughComplex
EDSM,18-28-LSSC02,38.26934,-121.66314,CacheSloughComplex
EDSM,19-50-CS09,38.26977,-121.66737,CacheSloughComplex
EDSM,18-51-CS04,38.26979,-121.70349,CacheSloughComplex
EDSM,17-49-SRU04,38.26982,-121.53409,CacheSloughComplex
EDSM,19-34-LSSC01,38.26991,-121.66257,CacheSloughComplex
EDSM,20-07-CS10,38.26998,-121.7037,CacheSloughComplex
EDSM,20-03-CS06,38.27002,-121.69427,CacheSloughComplex
EDSM,18-50-CS07,38.27018,-121.70374,CacheSloughComplex
EDSM,19-08-CS03,38.27038,-121.7053,CacheSloughComplex
EDSM,19-27-CS01,38.27048,-121.70484,CacheSloughComplex
EDSM,20-05-CS03,38.27053,-121.7021,CacheSloughComplex
EDSM,19-07-CS04,38.27058,-121.7038,CacheSloughComplex
EDSM,18-50-LSSC02,38.27083,-121.66207,CacheSloughComplex
EDSM,19-12-CS06,38.27115,-121.66741,CacheSloughComplex
EDSM,20-02-CS04,38.27152,-121.70411,CacheSloughComplex
EDSM,20-18-CS07,38.27158,-121.70484,CacheSloughComplex
EDSM,18-12-SRU02,38.27161,-121.58909,CacheSloughComplex
EDSM,19-12-LSSC05,38.27202,-121.66293,CacheSloughComplex
EDSM,20-07-LSSC04,38.27235,-121.66302,CacheSloughComplex
EDSM,19-30-CS02,38.27236,-121.69363,CacheSloughComplex
EDSM,20-17-CS03,38.2726,-121.70748,CacheSloughComplex
EDSM,19-52-CS04,38.27266,-121.66586,CacheSloughComplex
EDSM,18-30-CS03,38.27267,-121.66514,CacheSloughComplex
EDSM,19-22-CS02,38.27268,-121.70404,CacheSloughComplex
EDSM,18-31-CS01,38.27275,-121.69408,CacheSloughComplex
EDSM,20-11-CS06,38.27285,-121.70535,CacheSloughComplex
EDSM,19-11-CS04,38.27345,-121.69404,CacheSloughComplex
EDSM,19-25-CS04,38.27357,-121.69472,CacheSloughComplex
DJFMP,LI005E,38.273775,-121.6669301,CacheSloughComplex
EDSM,19-06-LSSC05,38.27418,-121.66223,CacheSloughComplex
Yolo,BL5,38.27428,-121.664178,CacheSloughComplex
EDSM,20-01-CS06,38.27437,-121.69427,CacheSloughComplex
EDSM,19-31-LSSC01,38.27453,-121.66103,CacheSloughComplex
EDSM,19-20-CS02,38.27473,-121.66494,CacheSloughComplex
EDSM,19-15-CS06,38.27538,-121.69471,CacheSloughComplex
EDSM,20-13-CS04,38.27547,-121.69462,CacheSloughComplex
EDSM,19-03-CS03,38.27645,-121.70889,CacheSloughComplex
EDSM,19-23-LSSC02,38.27661,-121.6609,CacheSloughComplex
DJFMP,LI006E,38.277432,-121.6660058,CacheSloughComplex
DJFMP,LI001W,38.277443,-121.6942435,CacheSloughComplex
EDSM,19-13-CS02,38.27748,-121.70875,CacheSloughComplex
EDSM,19-04-CS07,38.27754,-121.71119,CacheSloughComplex
EDSM,18-03-SRU01,38.27832,-121.54479,CacheSloughComplex
EDSM,18-17-CS02,38.27863,-121.71213,CacheSloughComplex
EDSM,19-25-CS01,38.27915,-121.66511,CacheSloughComplex
EDSM,20-02-CS02,38.2793,-121.66474,CacheSloughComplex
EDSM,18-13-CS01,38.27937,-121.64059,CacheSloughComplex
EDSM,20-10-CS03,38.27938,-121.71206,CacheSloughComplex
EDSM,19-07-LSSC05,38.27946,-121.66059,CacheSloughComplex
EDSM,18-25-LSSC02,38.27962,-121.66059,CacheSloughComplex
EDSM,CS51,38.27977,-121.71323,CacheSloughComplex
EDSM,19-13-LSSC05,38.28057,-121.66014,CacheSloughComplex
EDSM,19-08-CS02,38.28082,-121.66407,CacheSloughComplex
EDSM,19-34-CS03,38.28092,-121.69324,CacheSloughComplex
EDSM,19-26-LSSC03,38.28094,-121.6601,CacheSloughComplex
EDSM,19-07-CS06,38.28111,-121.66456,CacheSloughComplex
EDSM,18-34-CS03,38.28152,-121.71116,CacheSloughComplex
EDSM,20-06-CS04,38.28165,-121.69321,CacheSloughComplex
EDSM,19-14-CS02,38.28169,-121.66439,CacheSloughComplex
DJFMP,LI006W,38.282226,-121.6923514,CacheSloughComplex
EDSM,17-50-SRU01,38.28228,-121.55053,CacheSloughComplex
EDSM,19-21-LSSC01,38.28233,-121.65905,CacheSloughComplex
Yolo,BL6,38.282465,-121.663182,CacheSloughComplex
EDSM,20-04-CS03,38.28248,-121.71396,CacheSloughComplex
DJFMP,LI007W,38.282495,-121.6874303,CacheSloughComplex
EDSM,18-31-CS02,38.28287,-121.71468,CacheSloughComplex
EDSM,20-01-CS05,38.2829,-121.71421,CacheSloughComplex
EDSM,18-04-CS02,38.28313,-121.71647,CacheSloughComplex
EDSM,19-30-CS03,38.28325,-121.71485,CacheSloughComplex
EDSM,18-23-CS01,38.28331,-121.66472,CacheSloughComplex
EDSM,18-23-CS02,38.28352,-121.71688,CacheSloughComplex
EDSM,19-33-CS04,38.28353,-121.66589,CacheSloughComplex
EDSM,20-14-CS02,38.28373,-121.66475,CacheSloughComplex
EDSM,19-01-LSSC02,38.2838,-121.65922,CacheSloughComplex
DJFMP,LI007E,38.283997,-121.6655426,CacheSloughComplex
EDSM,19-33-LSSC02,38.28419,-121.65999,CacheSloughComplex
EDSM,19-15-CS09,38.28437,-121.69237,CacheSloughComplex
EDSM,18-28-CS02,38.28467,-121.69269,CacheSloughComplex
EDSM,20-08-LSSC01,38.28509,-121.65926,CacheSloughComplex
EDSM,18-05-CS02,38.28574,-121.71727,CacheSloughComplex
EDSM,20-16-LSSC01,38.28598,-121.65928,CacheSloughComplex
EDSM,18-24-CS03,38.28604,-121.71823,CacheSloughComplex
EDSM,18-01-CS01,38.28608,-121.69242,CacheSloughComplex
EDSM,18-33-CS02,38.28633,-121.72114,CacheSloughComplex
EDSM,19-18-CS02,38.28645,-121.66296,CacheSloughComplex
EDSM,19-51-CS07,38.28685,-121.69305,CacheSloughComplex
EDSM,17-53-SRU01,38.28687,-121.55531,CacheSloughComplex
EDSM,19-18-LSSC01,38.28691,-121.65841,CacheSloughComplex
EDSM,20-09-CS02,38.28696,-121.66294,CacheSloughComplex
EDSM,18-51-LSSC02,38.28711,-121.65872,CacheSloughComplex
DJFMP,LI008W,38.287548,-121.6920158,CacheSloughComplex
EDSM,19-21-CS02,38.28785,-121.69308,CacheSloughComplex
EDSM,19-53-LSSC01,38.28807,-121.65853,CacheSloughComplex
EDSM,19-19-CS01,38.28845,-121.66621,CacheSloughComplex
EDSM,19-32-CS02,38.28879,-121.66577,CacheSloughComplex
EDSM,18-32-CS03,38.28881,-121.66624,CacheSloughComplex
EDSM,20-08-CS04,38.28888,-121.66544,CacheSloughComplex
DJFMP,LI008E,38.289305,-121.6672063,CacheSloughComplex
EDSM,20-03-CS04,38.28946,-121.6666,CacheSloughComplex
EDSM,19-35-CS01,38.29037,-121.66666,CacheSloughComplex
EDSM,19-09-CS05,38.2909,-121.73117,CacheSloughComplex
EDSM,19-12-CS03,38.29104,-121.69271,CacheSloughComplex
EDSM,20-16-CS04,38.29108,-121.66088,CacheSloughComplex
DJFMP,LI009W,38.291502,-121.6917733,CacheSloughComplex
EDSM,19-09-CS04,38.29163,-121.66085,CacheSloughComplex
EDSM,18-28-CS03,38.29188,-121.66055,CacheSloughComplex
EDSM,CS55,38.292,-121.63213,CacheSloughComplex
EDSM,20-05-LSSC01,38.29281,-121.65762,CacheSloughComplex
EDSM,18-32-CS01,38.29326,-121.72506,CacheSloughComplex
EDSM,20-01-CS08,38.29407,-121.6671,CacheSloughComplex
EDSM,18-52-CS03,38.29431,-121.72576,CacheSloughComplex
EDSM,19-10-LSSC03,38.2953,-121.6568,CacheSloughComplex
EDSM,18-50-CS03,38.29541,-121.74417,CacheSloughComplex
EDSM,18-53-CS05,38.29545,-121.65992,CacheSloughComplex
EDSM,19-25-CS03,38.29549,-121.72724,CacheSloughComplex
EDSM,19-05-CS06,38.2957,-121.72735,CacheSloughComplex
EDSM,18-28-CS01,38.29575,-121.72677,CacheSloughComplex
EDSM,18-09-CS01,38.29601,-121.72756,CacheSloughComplex
EDSM,20-03-CS03,38.29611,-121.69294,CacheSloughComplex
EDSM,19-14-LSSC05,38.29712,-121.65665,CacheSloughComplex
EDSM,20-02-CS06,38.29749,-121.72908,CacheSloughComplex
EDSM,18-53-CS01,38.29757,-121.66733,CacheSloughComplex
EDSM,19-15-CS04,38.29767,-121.65919,CacheSloughComplex
DJFMP,LI009E,38.298324,-121.6677617,CacheSloughComplex
EDSM,19-06-CS03,38.29842,-121.72932,CacheSloughComplex
EDSM,18-27-CS01,38.2993,-121.72953,CacheSloughComplex
EDSM,19-05-CS02,38.29961,-121.69301,CacheSloughComplex
EDSM,20-14-CS04,38.30017,-121.7299,CacheSloughComplex
EDSM,18-09-SRU01,38.30034,-121.56925,CacheSloughComplex
EDSM,19-14-CS06,38.30138,-121.72993,CacheSloughComplex
EDSM,19-03-CS05,38.30156,-121.65834,CacheSloughComplex
EDSM,19-49-CS05,38.30166,-121.69302,CacheSloughComplex
EDSM,18-52-LSSC03,38.302,-121.65507,CacheSloughComplex
DJFMP,LI010W,38.302191,-121.6910438,CacheSloughComplex
EDSM,19-05-CS05,38.30224,-121.65829,CacheSloughComplex
EDSM,19-09-LSSC01,38.30233,-121.65427,CacheSloughComplex
DJFMP,LI010E,38.302559,-121.6677872,CacheSloughComplex
EDSM,CS2,38.30260603,-121.6542522,CacheSloughComplex
EDSM,20-02-CS14,38.30359,-121.6931,CacheSloughComplex
EDSM,19-03-LSSC03,38.30382,-121.65515,CacheSloughComplex
EDSM,18-19-SRU02,38.30385,-121.5729,CacheSloughComplex
DJFMP,SS011N,38.30472188,-121.5749397,CacheSloughComplex
EDSM,19-53-CS01,38.30482,-121.72999,CacheSloughComplex
EDSM,18-21-SRU01,38.30524,-121.57251,CacheSloughComplex
EDSM,18-26-SRU01,38.30553,-121.59916,CacheSloughComplex
EDSM,19-26-CS03,38.30656,-121.69249,CacheSloughComplex
EDSM,18-53-CS03,38.30726,-121.69266,CacheSloughComplex
EDSM,17-52-CS01,38.30736,-121.73276,CacheSloughComplex
EDSM,20-09-CS06,38.3074,-121.66733,CacheSloughComplex
EDSM,18-33-CS01,38.3077,-121.667,CacheSloughComplex
EDSM,19-17-CS06,38.30774,-121.65701,CacheSloughComplex
EDSM,20-13-CS03,38.3078,-121.69272,CacheSloughComplex
EDSM,18-25-CS01,38.30851,-121.66698,CacheSloughComplex
EDSM,20-15-CS01,38.30933,-121.65668,CacheSloughComplex
EDSM,18-22-CS01,38.30978,-121.66708,CacheSloughComplex
EDSM,18-22-SRU01,38.31026,-121.57667,CacheSloughComplex
EDSM,20-04-CS08,38.3105,-121.66731,CacheSloughComplex
EDSM,19-18-CS06,38.3108,-121.66715,CacheSloughComplex
EDSM,18-19-CS01,38.31155,-121.65613,CacheSloughComplex
EDSM,19-31-CS01,38.31207,-121.69304,CacheSloughComplex
EDSM,18-06-CS02,38.31267,-121.69298,CacheSloughComplex
EDSM,18-18-CS02,38.31284,-121.65263,CacheSloughComplex
EDSM,18-35-CS01,38.3134,-121.66736,CacheSloughComplex
DJFMP,LI011E,38.313598,-121.6676653,CacheSloughComplex
EDSM,19-28-CS01,38.31377,-121.69304,CacheSloughComplex
EDSM,20-02-CS05,38.31394,-121.65537,CacheSloughComplex
EDSM,19-23-CS05,38.31396,-121.65537,CacheSloughComplex
EDSM,18-08-CS02,38.31404,-121.69265,CacheSloughComplex
EDSM,18-30-CS01,38.31423,-121.66734,CacheSloughComplex
EDSM,20-12-CS04,38.3143,-121.66713,CacheSloughComplex
EDSM,20-11-CS05,38.31468,-121.69337,CacheSloughComplex
EDSM,19-13-CS03,38.31515,-121.69275,CacheSloughComplex
EDSM,18-07-SRU02,38.31537,-121.57712,CacheSloughComplex
EDSM,19-50-LSSC03,38.31564,-121.651,CacheSloughComplex
EDSM,20-03-CS05,38.31608,-121.65495,CacheSloughComplex
EDSM,20-16-CS05,38.31608,-121.69306,CacheSloughComplex
EDSM,20-17-LSSC02,38.31624,-121.65196,CacheSloughComplex
EDSM,19-32-CS01,38.31694,-121.69277,CacheSloughComplex
EDSM,19-23-CS01,38.3174,-121.65458,CacheSloughComplex
EDSM,19-19-LSSC02,38.31766,-121.65116,CacheSloughComplex
EDSM,18-14-CS01,38.31794,-121.65145,CacheSloughComplex
EDSM,20-08-CS01,38.31799,-121.65439,CacheSloughComplex
EDSM,19-13-CS04,38.31848,-121.6673,CacheSloughComplex
EDSM,19-52-CS01,38.31856,-121.69288,CacheSloughComplex
EDSM,19-26-CS01,38.31857,-121.66711,CacheSloughComplex
EDSM,19-12-CS01,38.31944,-121.69264,CacheSloughComplex
EDSM,18-50-CS05,38.31965,-121.65413,CacheSloughComplex
EDSM,19-24-CS01,38.31973,-121.6934,CacheSloughComplex
EDSM,19-22-LSSC02,38.3198,-121.65086,CacheSloughComplex
EDSM,20-12-CS01,38.32033,-121.66717,CacheSloughComplex
EDSM,19-17-CS05,38.32171,-121.69141,CacheSloughComplex
EDSM,19-30-CS01,38.32171,-121.69173,CacheSloughComplex
EDSM,20-04-CS05,38.32199,-121.65361,CacheSloughComplex
EDSM,19-33-CS01,38.32201,-121.65367,CacheSloughComplex
EDSM,20-12-CS05,38.32239,-121.69299,CacheSloughComplex
EDSM,20-08-CS05,38.32271,-121.68479,CacheSloughComplex
EDSM,19-51-LSSC03,38.32286,-121.65022,CacheSloughComplex
EDSM,19-09-CS01,38.32325,-121.69355,CacheSloughComplex
EDSM,19-11-CS01,38.32349,-121.65328,CacheSloughComplex
EDSM,18-52-CS05,38.32412,-121.69355,CacheSloughComplex
EDSM,20-11-CS01,38.32475,-121.66749,CacheSloughComplex
EDSM,20-18-CS01,38.32523,-121.66732,CacheSloughComplex
EDSM,18-04-SRU01,38.32579,-121.58519,CacheSloughComplex
EDSM,19-17-CS01,38.32649,-121.65253,CacheSloughComplex
EDSM,19-09-LSSC04,38.32701,-121.64871,CacheSloughComplex
EDSM,20-12-LSSC04,38.32788,-121.64879,CacheSloughComplex
EDSM,18-29-LSSC02,38.32833,-121.64812,CacheSloughComplex
EDSM,19-13-CS01,38.32856,-121.66735,CacheSloughComplex
EDSM,CS102,38.32860963,-121.6491275,CacheSloughComplex
EDSM,19-05-LSSC05,38.32902,-121.64791,CacheSloughComplex
EDSM,19-34-CS01,38.33006,-121.65161,CacheSloughComplex
EDSM,19-49-LSSC02,38.33051,-121.64879,CacheSloughComplex
EDSM,20-13-CS06,38.33105,-121.66717,CacheSloughComplex
EDSM,19-22-CS01,38.3315,-121.65129,CacheSloughComplex
EDSM,19-11-LSSC05,38.33157,-121.64795,CacheSloughComplex
EDSM,20-02-LSSC02,38.33193,-121.64839,CacheSloughComplex
EDSM,19-29-LSSC03,38.33209,-121.6475,CacheSloughComplex
EDSM,18-02-CS01,38.33243,-121.64794,CacheSloughComplex
EDSM,19-14-LSSC01,38.33246,-121.64707,CacheSloughComplex
EDSM,19-04-CS02,38.33248,-121.65105,CacheSloughComplex
EDSM,18-12-CS01,38.33264,-121.65104,CacheSloughComplex
EDSM,19-29-CS01,38.33361,-121.6509,CacheSloughComplex
FMWT,719,38.33428,-121.64733,CacheSloughComplex
Townet,719,38.33428,-121.64733,CacheSloughComplex
EDSM,19-12-CS05,38.33447,-121.66717,LowerYolo
EDSM,18-51-CS05,38.3349,-121.66741,LowerYolo
EDSM,20-10-CS01,38.33616,-121.66872,LowerYolo
EDSM,19-15-LSSC03,38.33664,-121.6469,LowerYolo
EDSM,18-07-CS01,38.33697,-121.64614,LowerYolo
EDSM,19-19-LSSC03,38.33847,-121.64627,LowerYolo
EDSM,20-17-LSSC05,38.3393,-121.64624,LowerYolo
EDSM,18-15-CS01,38.34019,-121.64465,LowerYolo
EDSM,19-28-LSSC02,38.34126,-121.64467,LowerYolo
EDSM,19-25-LSSC03,38.34129,-121.6452,LowerYolo
EDSM,20-18-LSSC03,38.34241,-121.64413,LowerYolo
EDSM,18-53-CS06,38.34436,-121.64684,LowerYolo
EDSM,19-08-LSSC03,38.3455,-121.64266,LowerYolo
EDSM,18-32-SRU01,38.34642,-121.54541,LowerYolo
EDSM,19-04-LSSC05,38.34796,-121.64151,LowerYolo
EDSM,19-30-LSSC02,38.34968,-121.64125,LowerYolo
EDSM,17-49-CS01,38.34999,-121.64097,LowerYolo
EDSM,17-50-CS01,38.35018,-121.6405,LowerYolo
EDSM,20-07-LSSC03,38.35041,-121.64092,LowerYolo
EDSM,19-27-LSSC03,38.35058,-121.64057,LowerYolo
Yolo,STTD,38.353383,-121.643181,LowerYolo
EDSM,20-12-LSSC01,38.35352,-121.6389,LowerYolo
Yolo,BL4,38.35496,-121.6422,LowerYolo
EDSM,19-16-LSSC03,38.35505,-121.63896,LowerYolo
EDSM,20-08-LSSC05,38.35645,-121.63716,LowerYolo
EDSM,19-07-LSSC02,38.35648,-121.63838,LowerYolo
EDSM,20-06-LSSC04,38.35687,-121.63765,LowerYolo
EDSM,19-49-LSSC01,38.35765,-121.63684,LowerYolo
EDSM,18-23-LSSC01,38.35807,-121.63643,LowerYolo
EDSM,SRU103,38.35853972,-121.5262442,LowerYolo
EDSM,18-19-SRU01,38.36013,-121.52365,LowerYolo
EDSM,19-13-LSSC03,38.36149,-121.63544,LowerYolo
EDSM,18-04-CS01,38.36199,-121.63456,LowerYolo
EDSM,19-09-LSSC05,38.36637,-121.63373,LowerYolo
EDSM,20-16-LSSC02,38.36645,-121.63242,LowerYolo
EDSM,19-50-LSSC05,38.36716,-121.63356,LowerYolo
EDSM,19-02-CS06,38.3674,-121.63679,LowerYolo
EDSM,CS52,38.36741,-121.63323,LowerYolo
EDSM,19-14-LSSC02,38.36819,-121.63218,LowerYolo
EDSM,19-08-LSSC05,38.36855,-121.63153,LowerYolo
EDSM,18-17-CS01,38.36864,-121.63186,LowerYolo
EDSM,19-24-LSSC01,38.36951,-121.631,LowerYolo
EDSM,20-17-LSSC03,38.37005,-121.63223,LowerYolo
EDSM,19-03-LSSC01,38.37037,-121.63152,LowerYolo
EDSM,18-10-CS01,38.37372,-121.62965,LowerYolo
EDSM,19-35-CS02,38.37373,-121.63389,LowerYolo
EDSM,19-50-LSSC02,38.37447,-121.62987,LowerYolo
EDSM,18-06-CS01,38.37453,-121.62925,LowerYolo
EDSM,19-28-LSSC03,38.37506,-121.62856,LowerYolo
EDSM,20-10-LSSC02,38.37513,-121.62909,LowerYolo
EDSM,17-51-CS01,38.37594,-121.62876,LowerYolo
EDSM,19-07-LSSC06,38.37611,-121.62819,LowerYolo
EDSM,20-12-LSSC05,38.37769,-121.62783,LowerYolo
EDSM,18-18-CS01,38.37931,-121.63114,LowerYolo
EDSM,18-16-SRU01,38.38289,-121.51974,LowerYolo
DJFMP,SR043W,38.38304913,-121.5208997,LowerYolo
EDSM,19-52-LSSC03,38.3834,-121.6257,LowerYolo
EDSM,17-52-SSC01,38.38348,-121.62487,LowerYolo
EDSM,19-08-CS01,38.3835,-121.62928,LowerYolo
EDSM,18-09-SSC02,38.38434,-121.6249,LowerYolo
EDSM,20-03-CS01,38.38487,-121.62863,LowerYolo
EDSM,19-02-LSSC02,38.38578,-121.62494,LowerYolo
EDSM,18-06-SSC02,38.38622,-121.6236,LowerYolo
EDSM,19-12-LSSC04,38.38624,-121.62434,LowerYolo
EDSM,18-03-SSC02,38.38645,-121.62388,LowerYolo
EDSM,19-06-LSSC04,38.38761,-121.62313,LowerYolo
EDSM,19-49-LSSC05,38.38795,-121.6235,LowerYolo
EDSM,17-49-SSC02,38.38801,-121.62385,LowerYolo
EDSM,20-09-LSSC04,38.38824,-121.62349,LowerYolo
EDSM,19-31-LSSC02,38.38879,-121.62286,LowerYolo
Yolo,BL3,38.38939,-121.626278,LowerYolo
EDSM,19-10-LSSC01,38.38976,-121.62311,LowerYolo
EDSM,18-07-SSC02,38.38984,-121.62236,LowerYolo
EDSM,18-16-SSC02,38.39012,-121.62262,LowerYolo
EDSM,18-14-SSC01,38.39129,-121.62165,LowerYolo
EDSM,18-10-SSC01,38.39223,-121.62534,LowerYolo
EDSM,18-05-SSC01,38.39289,-121.62119,LowerYolo
EDSM,19-09-LSSC02,38.39376,-121.62058,LowerYolo
EDSM,18-11-SSC01,38.39497,-121.62065,LowerYolo
EDSM,18-04-SSC02,38.39524,-121.61968,LowerYolo
EDSM,20-11-LSSC04,38.39554,-121.62026,LowerYolo
EDSM,18-49-LSSC03,38.3957,-121.61898,LowerYolo
EDSM,18-12-SSC02,38.39673,-121.61968,LowerYolo
EDSM,18-28-LSSC01,38.39829,-121.61852,LowerYolo
EDSM,18-14-SRU01,38.39937,-121.51397,LowerYolo
EDSM,20-13-LSSC02,38.40027,-121.61815,LowerYolo
EDSM,19-17-LSSC03,38.4009,-121.61767,LowerYolo
EDSM,19-29-LSSC02,38.40096,-121.61692,LowerYolo
EDSM,19-04-LSSC03,38.40101,-121.61782,LowerYolo
EDSM,18-27-SRU01,38.40139,-121.51283,LowerYolo
EDSM,18-01-SSC02,38.40177,-121.61658,LowerYolo
EDSM,20-18-LSSC01,38.40192,-121.61699,LowerYolo
EDSM,17-49-SRU01,38.40319,-121.51432,LowerYolo
FMWT,797,38.40462,-121.6156,LowerYolo
Townet,797,38.40462,-121.6156,LowerYolo
EDSM,19-33-LSSC01,38.40531,-121.61593,LowerYolo
EDSM,18-12-SSC01,38.40608,-121.61886,LowerYolo
EDSM,18-22-LSSC01,38.40648,-121.61448,LowerYolo
EDSM,19-08-LSSC02,38.4075,-121.6135,LowerYolo
EDSM,19-11-LSSC03,38.40793,-121.61381,LowerYolo
EDSM,17-52-SSC02,38.40799,-121.61381,LowerYolo
EDSM,18-23-SRU02,38.41017,-121.51797,LowerYolo
EDSM,17-51-SRU01,38.41098,-121.51881,LowerYolo
EDSM,20-07-LSSC01,38.41114,-121.61285,LowerYolo
EDSM,20-03-LSSC02,38.41231,-121.61233,LowerYolo
EDSM,20-04-LSSC02,38.41383,-121.61096,LowerYolo
EDSM,19-53-LSSC02,38.4142,-121.61171,LowerYolo
EDSM,20-14-LSSC02,38.41428,-121.61128,LowerYolo
EDSM,19-14-LSSC06,38.41457,-121.61108,LowerYolo
EDSM,18-23-LSSC03,38.41472,-121.61094,LowerYolo
EDSM,SRU101,38.4156169,-121.5214135,LowerYolo
EDSM,20-04-CS01,38.41605,-121.61424,LowerYolo
EDSM,19-21-LSSC02,38.41719,-121.60953,LowerYolo
EDSM,20-18-CS05,38.42047,-121.61456,LowerYolo
EDSM,18-52-LSSC05,38.42103,-121.60749,LowerYolo
EDSM,18-26-LSSC01,38.42112,-121.60793,LowerYolo
EDSM,18-11-SSC02,38.42145,-121.60781,LowerYolo
EDSM,18-05-SSC02,38.42183,-121.60731,LowerYolo
EDSM,18-50-LSSC01,38.42217,-121.60752,LowerYolo
EDSM,18-34-SRU01,38.4223,-121.5268,LowerYolo
EDSM,18-24-SRU01,38.42244,-121.52719,LowerYolo
EDSM,18-51-LSSC04,38.42291,-121.60767,LowerYolo
EDSM,18-10-SSC02,38.42356,-121.60609,LowerYolo
EDSM,17-49-SSC01,38.42364,-121.60734,LowerYolo
EDSM,19-34-LSSC02,38.42408,-121.60614,LowerYolo
EDSM,18-52-LSSC02,38.42501,-121.60663,LowerYolo
EDSM,19-50-CS06,38.42606,-121.61167,LowerYolo
EDSM,19-11-LSSC06,38.42769,-121.60461,LowerYolo
EDSM,20-15-LSSC02,38.42803,-121.60538,LowerYolo
EDSM,20-14-LSSC05,38.43035,-121.60382,LowerYolo
EDSM,20-05-LSSC03,38.43063,-121.60392,LowerYolo
EDSM,19-20-LSSC03,38.43106,-121.60275,LowerYolo
Yolo,BL2,38.43189,-121.607053,LowerYolo
EDSM,20-08-LSSC02,38.4327,-121.60324,LowerYolo
EDSM,20-03-LSSC05,38.43413,-121.60121,LowerYolo
EDSM,18-12-SRU01,38.43438,-121.52703,LowerYolo
EDSM,18-33-SRU02,38.43454,-121.52706,LowerYolo
EDSM,19-06-LSSC01,38.43457,-121.60128,LowerYolo
EDSM,18-30-SRU02,38.43516,-121.51938,LowerYolo
EDSM,19-53-LSSC05,38.43663,-121.60033,LowerYolo
EDSM,17-52-SRU02,38.43674,-121.50781,LowerYolo
Yolo,Alt_Fyke,38.436971,-121.604878,LowerYolo
EDSM,17-51-SSC02,38.43736,-121.60079,LowerYolo
EDSM,19-05-LSSC03,38.43834,-121.60001,LowerYolo
EDSM,18-02-SRU02,38.43839,-121.50669,LowerYolo
EDSM,18-33-SRU01,38.43851,-121.50578,LowerYolo
EDSM,20-16-LSSC05,38.43895,-121.60021,LowerYolo
EDSM,19-04-LSSC06,38.43952,-121.59868,LowerYolo
EDSM,19-15-LSSC01,38.44046,-121.59932,LowerYolo
EDSM,20-15-CS06,38.44103,-121.60302,LowerYolo
EDSM,20-11-LSSC02,38.44178,-121.59906,LowerYolo
EDSM,19-08-CS05,38.44471,-121.60135,LowerYolo
EDSM,19-25-LSSC02,38.44491,-121.59756,LowerYolo
EDSM,17-50-SSC02,38.44548,-121.59642,LowerYolo
EDSM,18-34-LSSC02,38.44592,-121.59706,LowerYolo
EDSM,20-04-LSSC05,38.44709,-121.59573,LowerYolo
EDSM,18-51-LSSC01,38.44732,-121.59549,LowerYolo
EDSM,20-13-LSSC06,38.44735,-121.59628,LowerYolo
EDSM,18-33-LSSC03,38.44955,-121.59488,LowerYolo
EDSM,18-14-SSC02,38.4496,-121.5945,LowerYolo
EDSM,18-50-CS01,38.45129,-121.59819,LowerYolo
EDSM,19-17-LSSC02,38.45239,-121.59285,LowerYolo
EDSM,18-24-SRU02,38.45411,-121.50167,LowerYolo
EDSM,19-07-LSSC03,38.45551,-121.59274,LowerYolo
EDSM,19-52-LSSC02,38.45659,-121.59103,LowerYolo
EDSM,19-12-LSSC03,38.4574,-121.59064,LowerYolo
EDSM,20-13-LSSC04,38.45791,-121.59099,LowerYolo
EDSM,18-30-LSSC01,38.45904,-121.5896,LowerYolo
EDSM,20-12-LSSC03,38.45964,-121.59039,LowerYolo
EDSM,18-25-LSSC01,38.46183,-121.58866,LowerYolo
EDSM,SSC51,38.4625,-121.5887,LowerYolo
EDSM,19-22-LSSC01,38.46262,-121.58813,LowerYolo
EDSM,18-49-LSSC02,38.4652,-121.58722,LowerYolo
EDSM,18-15-SSC02,38.46523,-121.58752,LowerYolo
EDSM,19-49-LSSC03,38.46571,-121.58771,LowerYolo
EDSM,19-51-LSSC02,38.46605,-121.5871,LowerYolo
Yolo,BL1,38.46681,-121.590851,LowerYolo
Yolo,PCS,38.466958,-121.590934,LowerYolo
EDSM,18-15-SRU01,38.46698,-121.50471,LowerYolo
EDSM,19-01-LSSC01,38.46798,-121.58648,LowerYolo
EDSM,18-18-SRU01,38.46824,-121.50429,LowerYolo
EDSM,18-28-SRU02,38.46935,-121.50577,LowerYolo
EDSM,19-14-LSSC03,38.4699,-121.58547,LowerYolo
EDSM,19-33-LSSC03,38.47054,-121.58499,LowerYolo
EDSM,20-06-LSSC03,38.47093,-121.5845,LowerYolo
EDSM,SSC1,38.4709443,-121.5845525,LowerYolo
EDSM,18-13-SRU01,38.47152,-121.50547,LowerYolo
EDSM,18-17-SSC02,38.47213,-121.58515,LowerYolo
FMWT,796,38.47387,-121.5844,LowerYolo
Townet,796,38.47387,-121.5844,LowerYolo
EDSM,SRU105,38.47399919,-121.5334248,LowerYolo
EDSM,20-09-LSSC01,38.47405,-121.58442,LowerYolo
Yolo,LIHF,38.47417,-121.588083,LowerYolo
Yolo,LIHFS,38.47417,-121.588083,LowerYolo
EDSM,18-28-SRU01,38.47491,-121.53991,CentralYolo
EDSM,20-10-USSC03,38.47498,-121.58469,CentralYolo
Yolo,LI,38.47621,-121.588541,CentralYolo
DJFMP,SR049E,38.47805124,-121.543378,CentralYolo
EDSM,19-53-USSC01,38.48014,-121.58477,CentralYolo
EDSM,20-06-USSC01,38.48043,-121.58403,CentralYolo
EDSM,18-23-SRU01,38.48135,-121.54859,CentralYolo
EDSM,20-04-USSC01,38.48471,-121.58434,CentralYolo
EDSM,19-27-USSC01,38.48569,-121.58479,CentralYolo
EDSM,19-14-USSC01,38.48576,-121.5845,CentralYolo
EDSM,19-01-USSC03,38.48586,-121.58477,CentralYolo
EDSM,20-11-USSC02,38.48892,-121.58518,CentralYolo
EDSM,20-12-USSC01,38.48975,-121.58387,CentralYolo
EDSM,18-08-SSC02,38.49083,-121.58495,CentralYolo
EDSM,19-07-USSC01,38.49184,-121.58388,CentralYolo
EDSM,19-52-USSC02,38.49191,-121.58468,CentralYolo
EDSM,19-32-USSC01,38.49206,-121.58444,CentralYolo
EDSM,19-23-USSC01,38.49232,-121.58482,CentralYolo
EDSM,18-35-SRU02,38.49256,-121.55498,CentralYolo
EDSM,20-09-USSC02,38.49334,-121.58404,CentralYolo
EDSM,20-10-USSC01,38.49418,-121.58452,CentralYolo
Yolo,AL4,38.49439,-121.588583,CentralYolo
EDSM,19-15-USSC02,38.49457,-121.58529,CentralYolo
EDSM,18-02-SSC02,38.49581,-121.58485,CentralYolo
EDSM,18-34-SRU02,38.4968,-121.55795,CentralYolo
EDSM,19-51-USSC02,38.49685,-121.58452,CentralYolo
EDSM,19-09-USSC01,38.49806,-121.58527,CentralYolo
EDSM,19-13-USSC01,38.49861,-121.5844,CentralYolo
EDSM,19-34-USSC01,38.50048,-121.58467,CentralYolo
EDSM,19-02-USSC02,38.50055,-121.58523,CentralYolo
EDSM,19-12-USSC01,38.50071,-121.58518,CentralYolo
EDSM,20-03-USSC01,38.50154,-121.58474,CentralYolo
EDSM,18-24-USSC01,38.50267,-121.58434,CentralYolo
EDSM,19-50-USSC01,38.50718,-121.58481,CentralYolo
EDSM,20-07-USSC02,38.50811,-121.58443,CentralYolo
EDSM,18-21-USSC01,38.5095,-121.58472,CentralYolo
EDSM,18-31-USSC01,38.50994,-121.58398,CentralYolo
EDSM,20-18-USSC02,38.51061,-121.58383,CentralYolo
EDSM,19-04-USSC01,38.510980000000004,-121.58393,CentralYolo
EDSM,20-15-USSC01,38.51238,-121.58508,CentralYolo
EDSM,19-10-USSC03,38.51273,-121.58503,CentralYolo
EDSM,18-01-SSC03,38.51274,-121.58413,CentralYolo
EDSM,19-35-USSC01,38.51406,-121.58512,CentralYolo
EDSM,18-33-USSC01,38.51414,-121.58505,CentralYolo
EDSM,18-10-SRU01,38.51516,-121.54954,CentralYolo
EDSM,18-13-SSC02,38.51533,-121.58502,CentralYolo
EDSM,18-17-SRU02,38.51559,-121.54694,CentralYolo
EDSM,18-22-USSC01,38.51568,-121.58458,CentralYolo
EDSM,18-05-SRU01,38.51638,-121.53849,CentralYolo
EDSM,18-06-SRU01,38.5175,-121.53597,CentralYolo
Yolo,AL3,38.5185,-121.588623,CentralYolo
EDSM,20-02-USSC02,38.52058,-121.5842,CentralYolo
EDSM,20-16-USSC01,38.5224,-121.58534,CentralYolo
EDSM,19-10-USSC01,38.5235,-121.58421,CentralYolo
EDSM,18-28-USSC01,38.52454,-121.58386,CentralYolo
EDSM,18-50-USSC01,38.52619,-121.5848,CentralYolo
Yolo,AL2,38.52806,-121.588639,CentralYolo
EDSM,18-23-USSC01,38.52999,-121.58438,CentralYolo
EDSM,18-17-SSC01,38.53178,-121.58531,CentralYolo
EDSM,18-20-USSC02,38.53298,-121.58429,CentralYolo
EDSM,18-08-SSC01,38.53344,-121.58447,CentralYolo
EDSM,19-06-USSC01,38.53403,-121.58472,CentralYolo
EDSM,20-05-USSC01,38.53494,-121.58455,CentralYolo
EDSM,18-08-SRU01,38.53533,-121.51826,CentralYolo
EDSM,20-15-USSC03,38.53602,-121.58453,CentralYolo
EDSM,19-21-USSC01,38.53616,-121.5853,CentralYolo
EDSM,19-18-USSC02,38.53659,-121.58414,CentralYolo
EDSM,SSC52,38.53688,-121.58433,CentralYolo
EDSM,18-15-SSC01,38.53726,-121.58475,CentralYolo
EDSM,18-24-USSC02,38.53764,-121.58473,CentralYolo
FMWT,795,38.5377,-121.58468,CentralYolo
Townet,795,38.5377,-121.58468,CentralYolo
EDSM,20-14-USSC01,38.5409,-121.58373,CentralYolo
EDSM,20-14-USSC01,38.54094,-121.58373,CentralYolo
EDSM,19-08-USSC01,38.54117,-121.58439,CentralYolo
EDSM,18-51-USSC01,38.54171,-121.58493,CentralYolo
EDSM,19-10-USSC02,38.5433,-121.58461,CentralYolo
Yolo,AL1,38.5445,-121.586639,CentralYolo
EDSM,19-18-USSC04,38.54452,-121.58375,CentralYolo
EDSM,19-03-USSC02,38.54604,-121.58294,CentralYolo
EDSM,20-05-USSC03,38.5471,-121.58208,CentralYolo
EDSM,20-17-USSC01,38.54815,-121.58161,CentralYolo
EDSM,18-35-SRU01,38.54927,-121.51305,CentralYolo
EDSM,18-18-SSC02,38.55313,-121.57767,CentralYolo
EDSM,20-08-USSC01,38.55511,-121.57509,CentralYolo
EDSM,18-35-USSC01,38.55544,-121.57413,CentralYolo
EDSM,19-09-USSC02,38.55563,-121.57445,CentralYolo
EDSM,18-25-USSC01,38.55576,-121.57537,CentralYolo
EDSM,20-18-USSC03,38.55578,-121.57619,CentralYolo
EDSM,18-07-SSC01,38.5563,-121.57442,CentralYolo
EDSM,20-05-USSC04,38.55666,-121.57333,CentralYolo
EDSM,19-24-USSC01,38.55729,-121.57184,CentralYolo
EDSM,18-20-USSC01,38.55746,-121.57127,CentralYolo
EDSM,19-17-USSC02,38.55813,-121.5708,CentralYolo
EDSM,19-35-USSC02,38.55927,-121.56516,CentralYolo
EDSM,19-52-USSC01,38.55955,-121.56675,CentralYolo
EDSM,19-05-USSC01,38.55998,-121.56437,CentralYolo
EDSM,20-02-USSC03,38.56001,-121.56602,CentralYolo
EDSM,19-11-USSC01,38.56065,-121.55863,CentralYolo
EDSM,17-50-SSC01,38.56067,-121.5641,CentralYolo
EDSM,18-32-USSC01,38.56071,-121.55602,CentralYolo
EDSM,18-04-SSC01,38.56078,-121.54666,CentralYolo
EDSM,20-07-USSC01,38.56085,-121.56066,CentralYolo
EDSM,19-15-USSC01,38.56092,-121.55891,CentralYolo
EDSM,19-18-USSC01,38.56092,-121.55411,CentralYolo
EDSM,19-12-USSC02,38.56094,-121.55672,CentralYolo
EDSM,18-13-SSC01,38.56095,-121.55775,CentralYolo
EDSM,20-18-USSC01,38.56107,-121.54534,CentralYolo
EDSM,18-18-SSC01,38.56108,-121.54475,CentralYolo
EDSM,20-11-USSC03,38.56116,-121.55082,CentralYolo
EDSM,18-06-SSC01,38.5612,-121.55367,CentralYolo
EDSM,18-02-SSC01,38.56124,-121.54269,CentralYolo
EDSM,20-02-USSC01,38.56126,-121.54791,CentralYolo
EDSM,18-52-USSC01,38.56137,-121.54776,CentralYolo
EDSM,20-10-USSC02,38.5614,-121.55168,CentralYolo
EDSM,18-09-SSC01,38.56143,-121.5419,CentralYolo
EDSM,18-16-SSC01,38.56146,-121.54036,CentralYolo
EDSM,19-18-USSC03,38.56151,-121.54593,CentralYolo
EDSM,19-02-USSC01,38.5616,-121.54281,CentralYolo
EDSM,19-51-USSC01,38.56163,-121.55257,CentralYolo
EDSM,19-17-USSC01,38.56165,-121.55428,CentralYolo
EDSM,19-03-USSC03,38.56167,-121.55765,CentralYolo
EDSM,18-30-USSC01,38.5617,-121.54029,CentralYolo
EDSM,20-09-USSC01,38.56172,-121.55556,CentralYolo
EDSM,18-29-USSC01,38.56184,-121.5534,CentralYolo
EDSM,19-15-USSC03,38.56199,-121.54879,CentralYolo
EDSM,20-12-USSC02,38.56213,-121.54937,CentralYolo
EDSM,17-51-SSC01,38.56251,-121.55439,CentralYolo
EDSM,19-31-USSC01,38.56253,-121.55184,CentralYolo
EDSM,19-03-USSC01,38.56263,-121.55488,CentralYolo
EDSM,18-26-USSC01,38.56274,-121.54804,CentralYolo
EDSM,19-19-USSC01,38.5629,-121.5551,CentralYolo
EDSM,19-23-USSC02,38.56343,-121.55407,CentralYolo
EDSM,20-06-USSC02,38.56344,-121.55067,CentralYolo
EDSM,19-22-USSC01,38.56347,-121.55068,CentralYolo
EDSM,20-07-USSC03,38.56353,-121.55152,CentralYolo
EDSM,18-49-USSC01,38.56399,-121.55236,CentralYolo
EDSM,19-10-USSC04,38.56403,-121.55063,CentralYolo
EDSM,20-15-USSC02,38.5641,-121.55325,CentralYolo
EDSM,20-05-USSC02,38.56434,-121.55292,CentralYolo
EDSM,20-11-USSC01,38.56528,-121.55197,CentralYolo
Yolo,YBI80,38.56531,-121.638005,CentralYolo
Yolo,YB,38.56538,-121.630989,CentralYolo
EDSM,18-03-SSC01,38.56596,-121.55276,CentralYolo
EDSM,18-27-SRU02,38.577,-121.51103,CentralYolo
EDSM,18-30-SRU01,38.57897,-121.50898,CentralYolo
DJFMP,AM001S,38.59935675,-121.5057333,CentralYolo
DJFMP,SR060E,38.60053595,-121.5091653,CentralYolo
Yolo,SB1,38.604167,-121.56625,CentralYolo
Yolo,SB2,38.605219,-121.564176,CentralYolo
Yolo,RD22,38.676367,-121.643972,CentralYolo
Yolo,FW1,38.74979,-121.635232,ColusaDrainRCS
NDFA,RMB,38.842001,-121.858371,ColusaDrainRCS
NDFA,RCS,38.793457,-121.725447,ColusaDrainRCS
NDFA,WWT,38.681621,-121.645775,CentralYolo
NDFA,RD22,38.676367,-121.643972,CentralYolo
NDFA,DWT,38.567057,-121.638239,CentralYolo
NDFA,I80,38.573111,-121.582958,CentralYolo
NDFA,LIS,38.474816,-121.588584,LowerYolo
NDFA,STTD,38.353461,-121.642975,LowerYolo
NDFA,BL5,38.27446,-121.665652,CacheSloughComplex
NDFA,LIB,38.2421,-121.6849,CacheSloughComplex
NDFA,RYI,38.213167,-121.668591,CacheSloughComplex
NDFA,RVB,38.159737,-121.686355,LowerSacRiver
